r_ratio,sag_ratio,q_dis_norm,dod,eta_c,eta_stale,ca_ratio,cv_frac,ic_peak_h,ic_peak_v,ica_stale,t_mean,ln_tfull,ocv_err,efc,st_total_per_day,st_float,f_dod50,f_lowsoc,age_years,soh_true,rul_efc_true,battery_id,cycle_idx,t_end_s
,,1.6863835,0.26634076,0.4997277,0.0,,0.5053061,,,1.0,40.932697,1.2510121,,1.6863835304846313,2.461662492126889,2.206718992970427,0.0,0.0,0.010423706240487,98.58366,,0_a,0,328722.0
1.2654799,1.5847446,0.68956304,0.48703134,0.5317601,0.0,1.0005593,0.3955749,,,1.0,36.027905,0.38144433,-0.49693415,2.3759465822981483,1.727790977301496,2.95432333305208,0.0,0.0,0.0195356100963977,97.997955,,0_a,1,616075.0
,0.64162344,0.09853925,0.09853925,0.5317601,0.033333335,0.96475774,0.99925417,,,1.0,33.11163,0.06971175,,2.474485830843382,1.644420013844173,3.0786794288243704,0.0,0.0,0.0213101217656012,97.841034,,0_a,2,672036.0
0.7278492,0.9006112,0.33939078,0.3393613,0.40832135,0.0,0.999284,0.5509937,,,1.0,38.516518,0.099122345,,2.8138766031259754,1.7365712163356133,3.181161277130858,0.0,0.0,0.0235199137493658,97.57712,,0_a,3,741724.0
,1.0741012,0.37004894,0.1706462,0.53429055,0.0,1.0001614,0.67538655,,,1.0,40.49751,0.29506794,,3.1839255545652576,1.7399360944839477,3.320193327455586,0.0,0.0,0.0264841768138001,97.28509,,0_a,4,835205.0
,0.84216017,0.16917527,0.16917527,0.526828,0.0,0.99965185,0.6112089,,,1.0,29.696066,0.056389086,,3.3531008150692583,1.7323739533967086,3.388414707869805,0.0,0.0,0.0272591958396752,97.174614,,0_a,5,859646.0
,1.0388491,0.1863503,0.20022535,0.53348434,0.0,0.9998181,0.68626815,,,1.0,35.95657,0.09914331,,3.5394511161211346,1.7245009044618482,3.893911545458353,0.0,0.0,0.0297229198376458,96.936035,,0_a,6,937342.0
0.9254238,1.1851398,1.0954975,0.34011462,0.5169616,0.0,1.0006639,0.48491144,,,1.0,38.25527,0.8769289,,4.634948663206423,1.5141554822235508,4.599997763123835,0.0,0.0,0.0426593417047184,95.96712,,0_a,7,1345305.0
,1.0740069,0.24226795,0.24226597,0.41064754,0.0,0.9997386,0.6166419,,,1.0,39.461334,0.09650896,,4.8772166123506615,1.523224806809928,4.747199399706771,0.0,0.0,0.04528500761035,95.56467,,0_a,8,1428108.0
1.0053309,1.231909,0.55699456,0.37674952,0.45194253,0.0,1.0003786,0.5393789,,,1.0,37.34079,0.39504838,,5.434211162549812,1.5194955625828697,5.818706557910436,0.0,0.0,0.0508392947742262,95.082184,,0_a,9,1603268.0
,0.84191513,0.20593958,0.20593958,0.524012,0.0,1.0001374,0.49920973,,,1.0,29.603893,0.095026046,,5.640150741964918,1.517902174685467,5.940852505664501,0.0,0.0,0.0518056506849315,94.91854,,0_a,10,1633743.0
,0.83340293,0.21378824,0.21378465,0.52492434,0.0,0.99972564,0.46739668,,,1.0,26.99355,0.09913283,,5.853938980385872,1.4563028482524123,6.027840052183168,0.0,0.0,0.0548399289700659,94.78667,,0_a,11,1729432.0
0.95510364,1.0155729,0.32466277,0.32466277,0.58116186,0.0,1.0006567,0.34977895,,,1.0,30.782755,0.099122345,,6.178601762158342,1.428276083944676,6.136394333491959,0.0,0.0,0.0572974378488077,94.646675,,0_a,12,1806932.0
0.9625952,0.91252524,0.5352667,0.2189512,0.47163093,0.0,0.99984944,0.47020224,,,1.0,37.744717,0.5212159,,6.713868463873833,1.4789251350603745,6.944918852117267,0.0,0.0,0.0599782470826991,94.18655,,0_a,13,1891474.0
,0.8918605,0.15304835,0.15304835,0.6164506,0.0,1.0001191,0.88061583,,,1.0,34.30763,0.09917476,,6.866916821698451,1.4836224365712654,7.141528234091383,0.0,0.0,0.0614261796042618,94.083496,,0_a,14,1937136.0
,0.77058566,0.19683483,0.19683483,0.5402736,0.0,1.0000446,0.52756125,,,1.0,32.209797,0.05136621,,7.063751660854956,1.4599466362991609,7.250919942267691,0.0,0.0,0.063365106544901,93.93127,,0_a,15,1998282.0
,0.9578607,0.1826178,0.18261658,0.53526956,0.0,1.0003687,0.6792002,,,1.0,38.706955,0.099122345,,7.246369455357795,1.4800810823233757,7.423341218463818,0.0,0.0,0.0643844812278031,93.83242,,0_a,16,2030429.0
,0.89846456,0.16887052,0.16887052,0.5189765,0.0,1.0000091,0.6412784,,,1.0,31.484558,0.09639335,,7.415239979676956,1.4254117842736624,7.562046750162994,0.0,0.0,0.0679192985794013,93.6129,,0_a,17,2141903.0
0.9249444,0.94159997,0.32472172,0.32471597,0.55962366,0.0,0.99980915,0.35073027,,,1.0,30.948214,0.099122345,,7.739961705898822,1.4002484820775902,7.633223560814356,0.0,0.0,0.0707408675799086,93.47493,,0_a,18,2230884.0
0.92824465,0.90796983,0.25911835,0.25911093,0.4371018,0.0,1.000625,0.5986929,,,1.0,36.398735,0.09913283,,7.999080064764217,1.3647942739841012,7.717819406719055,0.0,0.0,0.0755012049720953,93.08781,,0_a,19,2381006.0
0.7962536,0.94728255,0.25693727,0.25693068,0.5566555,0.0,1.0007079,0.40790105,,,1.0,28.272223,0.099122345,,8.256017341007206,1.3112703698398878,7.837739904737246,0.0,0.0,0.0796886732623034,92.96294,,0_a,20,2513062.0
,,0.2704365,0.27043518,0.593947,0.0,,0.3455464,,,1.0,35.012936,3.472162e-05,,0.2704365077339313,2.058477683852866,0.0247778056120282,0.0,0.0,0.0007213977676306,100.0,,1_a,0,22750.0
,1.052459,0.23939516,0.23942177,0.5282419,0.0,1.0009185,0.5404017,,,1.0,38.358208,0.099122345,,0.5098316619975267,2.3661241748356625,0.7030419328600598,0.0,0.0,0.0024988901572805,99.727165,,1_a,1,78805.0
1.0987657,1.1249727,0.29993293,0.29992944,0.54619795,0.0,0.9998535,0.38577235,,,1.0,37.319126,0.099122345,,0.8097645874190009,1.3811175218689191,1.466649331854071,0.0,0.0,0.0074642947742262,99.29543,,1_a,2,235394.0
,1.1370013,0.23971786,0.23971775,0.5757558,0.0,1.0001644,0.40268716,,,1.0,37.293324,0.03165791,,1.0494824487126213,1.4806775046099363,1.5375740392404036,0.0,0.0,0.0082240930999492,99.15467,,1_a,3,259355.0
,0.87350017,0.13374269,0.13374269,0.5683792,0.0,1.0004867,0.6797572,,,1.0,31.90255,0.099153794,,1.1832251458517022,1.4418082500686502,1.6643799977154878,0.0,0.0,0.0094079464738711,99.00545,,1_a,4,296689.0
1.122469,1.0542601,0.28820214,0.2881968,0.5931005,0.0,1.0001198,0.329932,,,1.0,34.191093,0.09913283,,1.4714272879871282,1.3761147665289193,1.834852998217787,0.0,0.0,0.0113633307965499,98.85477,,1_a,5,358354.0
1.0913713,1.1422037,0.63521147,0.20570192,0.44252363,0.0,1.0004042,0.51872474,,,1.0,37.711452,0.6694662,,2.1066387586733195,1.586087814473507,2.3566349374506945,0.0,0.0,0.0150736618467782,98.23887,,1_a,6,475363.0
1.1655844,1.2316222,0.33356002,0.3335598,0.6346053,0.0,1.0002939,0.32481575,,,1.0,37.96562,0.09300323,,2.4401987709629527,1.637659563407846,2.529529846516128,0.0,0.0,0.0163488394216133,98.0947,,1_a,7,515577.0
1.2740824,0.8646012,0.9828767,0.09645194,0.38110787,0.0,1.0002652,0.66228443,,,1.0,38.695076,1.1604924,,3.4230754854694254,1.9289456864639545,4.527732074814399,0.0,0.0,0.0227676940639269,96.81338,,1_a,8,718002.0
1.0106986,0.9227324,0.28672555,0.28671893,0.5174114,0.0,0.9998902,0.43863478,,,1.0,35.578766,0.099122345,,3.7098010245715782,1.83528352800796,5.176651379844629,0.0,0.0,0.0259641679350583,96.538605,,1_a,9,818806.0
1.0955143,1.1008353,0.31219867,0.31219867,0.61980927,0.0,0.99955183,0.3526607,,,1.0,39.369102,0.0879176,,4.021999692171288,1.8764651877802467,5.345449624258935,0.0,0.0,0.0270230847285641,96.399414,,1_a,10,852200.0
0.914519,1.0525595,0.32377982,0.32377133,0.6051343,0.0,1.0004189,0.3043638,,,1.0,33.70658,0.099122345,,4.345779521074778,1.8604113852372572,5.490808476239408,0.0,0.0,0.0284415905631659,96.196175,,1_a,11,896934.0
1.0527856,1.0410941,0.26139256,0.2613889,0.57263595,0.0,1.0000068,0.37839216,,,1.0,38.4264,0.034703314,,4.607172088369629,1.836149596952268,5.564307812352174,0.0,0.0,0.0300142694063926,95.99997,,1_a,12,946530.0
,1.0057019,0.17889832,0.17889832,0.5799134,0.0,0.99976784,0.5780413,,,1.0,35.78609,0.09917476,,4.786070413679234,1.7728162713513798,5.709394408815212,0.0,0.0,0.0322863077118214,95.764725,,1_a,13,1018181.0
,0.8707239,0.17401996,0.17401996,0.58397347,0.0,1.0004016,0.55378956,,,1.0,34.650417,0.09380442,,4.960090380808626,1.728291083790941,5.873998258788623,0.0,0.0,0.0341156456113647,95.579025,,1_a,14,1075871.0
1.0967757,1.1985968,0.3918511,0.3918352,0.51679236,0.0,0.9995192,0.37134787,,,1.0,38.02076,0.0958782,,5.351941464695862,1.7699166694977275,6.427345217943599,0.0,0.0,0.0361183409436834,95.2513,,1_a,15,1139028.0
,0.82848775,0.08683334,0.08683334,0.51679236,0.033333335,0.9897106,0.9812737,,,1.0,32.518204,0.09913283,,5.438774806036152,1.761948885145157,6.586599446533693,0.0,0.0,0.0370321537290715,95.11351,,1_a,16,1167846.0
1.0472398,0.9359456,0.5345341,0.16045815,0.4611084,0.0,1.0004649,0.55526924,,,1.0,39.14706,0.52997446,,5.973308905843978,1.7059867872066832,7.0645887682725705,0.0,0.0,0.0422114408929477,94.54678,,1_a,17,1331180.0
0.9674851,1.0077798,0.2831107,0.28310558,0.62519175,0.0,0.9993777,0.36370343,,,1.0,35.23022,0.099122345,,6.2564196142320005,1.6835240882761386,7.237006326485287,0.0,0.0,0.0441009956874682,94.38169,,1_a,18,1390769.0
1.0088283,1.0208135,0.31233028,0.3123195,0.5912032,0.0,1.0008599,0.3381563,,,1.0,38.045822,0.099122345,,6.568749877952906,1.71816741553173,8.023736142124424,0.0,0.0,0.0459308409436834,94.07481,,1_a,19,1448475.0
0.9423141,0.98562264,0.27754426,0.2775405,0.60456485,0.0,0.999663,0.3498364,,,1.0,34.07944,0.08962274,,6.846294137916594,1.7147435669775382,8.173649264748441,0.0,0.0,0.0471633054287163,93.91511,,1_a,20,1487342.0
,1.2370892,0.15212137,0.15212137,0.5778471,0.0,1.0005509,0.6322431,,,1.0,34.36443,0.09354094,,6.998415505793818,1.721635439573384,8.333466319090626,0.0,0.0,0.0479740613901572,93.78185,,1_a,21,1512910.0
,0.9580273,0.21195835,0.21195835,0.5929658,0.0,0.9993071,0.50289375,,,1.0,39.173862,0.07566348,,7.210373847305892,1.7412286421671852,8.497251561183687,0.0,0.0,0.0488249619482496,93.67348,,1_a,22,1539744.0
1.1231465,1.1186613,0.52402955,0.3558466,0.45864525,0.0,0.9996177,0.5358551,,,1.0,38.41144,0.4698734,,7.734403388069682,1.788259192252182,9.154700635901255,0.0,0.0,0.0514229452054794,93.28481,,1_a,23,1621674.0
0.93486357,1.0951558,0.27319068,0.2731887,0.6253776,0.0,1.0003285,0.36804593,,,1.0,34.488068,0.07708963,,8.007594053064897,1.7845407727253697,9.287989415504738,0.0,0.0,0.0526012810755961,93.04757,,1_a,24,1658834.0
,,0.5007155,0.11675565,0.5073426,0.0,,0.31667283,,,1.0,28.609642,0.39432302,,0.5007155118736178,0.8968079072835343,0.0278863086113658,0.0,0.0,0.0031213850837138,99.72103,,2_a,0,98436.0
1.2146924,1.3157126,0.28687865,0.28686053,0.57322276,0.0,0.9994143,0.35287288,,,1.0,32.774055,0.099122345,,0.7875941627423422,0.7421102044857786,0.1198456863636001,0.0,0.0,0.0071196093353627,99.542046,,2_a,1,224524.0
1.0179949,0.76939976,0.26322287,0.26320788,0.51844805,0.0,1.0004165,0.29831794,,,1.0,27.317326,0.09914331,,1.0508170423086147,0.5663878648350642,0.2512033218134931,0.0,0.0,0.0118445268899036,99.198586,,2_a,2,373529.0
,1.0209112,0.14263046,0.14263028,0.52633625,0.0,1.0002077,0.63773185,,,1.0,31.44549,0.099122345,,1.193447502180874,0.6242099026870382,0.3823005650324686,0.0,0.0,0.0130574581430745,99.033035,,2_a,3,411780.0
,0.89650744,0.23584397,0.2358332,0.5072502,0.0,1.0004492,0.33326676,,,1.0,26.34627,0.099122345,,1.42929147042139,0.6451760531464746,0.4667318608841142,0.0,0.0,0.0146871829020801,98.91796,,2_a,4,463175.0
0.992505,1.054234,0.6185787,0.27068785,0.49091598,0.0,0.9991168,0.3313511,,,1.0,30.896282,0.5438708,,2.047870138664963,0.4716020434379533,0.973634556006448,0.0,0.0,0.0303992262810755,97.83176,,2_a,5,958670.0
,0.96098614,0.17034203,0.17033637,0.55112684,0.0,0.99983835,0.5681897,,,1.0,30.674421,0.08463684,,2.218212171692492,0.5009579457951159,1.0400190427005038,0.0,0.0,0.0318472539320142,97.700554,,2_a,6,1004335.0
,0.74430645,0.093730465,0.09372966,0.55112684,0.033333335,1.000345,0.69584155,,,1.0,23.520954,0.09914331,,2.3119426351251056,0.4965151742108246,1.1475245787649124,0.0,0.0,0.0334677194317605,97.53767,,2_a,7,1055438.0
1.0633007,1.3371439,0.2954954,0.29548797,0.5387657,0.0,0.99954855,0.31589153,,,1.0,32.44018,0.09913283,,2.607438036938776,0.5080899897129104,1.24976113264128,0.0,0.0,0.0371956811263318,97.37334,,2_a,8,1173003.0
,0.73698026,0.10908997,0.10908542,0.44679716,0.0,0.9999452,0.57307565,,,1.0,22.964615,0.09914331,,2.7165280065271227,0.5052704074667977,1.366492390894342,0.0,0.0,0.0387813292744799,97.146866,,2_a,9,1223008.0
,0.9855814,0.24306314,0.24306096,0.549978,0.0,0.99994373,0.38979623,,,1.0,31.293043,0.09913283,,2.959591140687152,0.4230926863636612,1.451379176217438,0.0,0.0,0.0509227549467275,96.624306,,2_a,10,1605900.0
,1.0669559,0.16714971,0.16714635,0.56635135,0.0,0.9999793,0.5251924,,,1.0,26.259409,0.099122345,,3.1267408484699644,0.3943826975664119,1.5598420262826092,0.0,0.0,0.0572668061897514,96.18853,,2_a,11,1805966.0
1.0528289,1.1671442,0.31511527,0.31510144,0.5895383,0.0,1.0001403,0.32362252,,,1.0,30.269197,0.099122345,,3.4418561107073757,0.3995786844827886,1.614710062857222,0.0,0.0,0.0622353817858954,95.96574,,2_a,12,1962655.0
1.2106084,0.7877152,0.10008721,0.28569278,0.2582486,0.0,0.99950033,0.8645846,,,1.0,31.365675,0.09913283,,3.541943324336897,0.4266907830127253,2.1572067981070564,0.0,0.0,0.0648889523084728,95.67808,,2_a,13,2046338.0
,0.95725447,0.24655087,0.24653669,0.5448863,0.0,0.99909323,0.31635493,,,1.0,23.231758,0.05944746,,3.788494194990863,0.4304085954502251,2.216152803067872,0.0,0.0,0.0664553526128868,95.48681,,2_a,14,2095736.0
,1.0411592,0.14704697,0.14704396,0.58030653,0.0,0.99999696,0.6502265,,,1.0,29.961485,0.099122345,,3.935541160308754,0.4122219193276868,2.3209442519607024,0.0,0.0,0.0726836314053779,95.124626,,2_a,15,2292151.0
1.1193405,1.1857952,0.29505396,0.29504886,0.52838993,0.0,0.99909586,0.25309083,,,1.0,24.586784,0.099122345,,4.230595126328124,0.3545563088841278,2.434835542450425,0.0,0.0,0.0878072044647387,94.38488,,2_a,16,2769088.0
,0.7524837,0.16161811,0.16161062,0.4913585,0.0,0.99964976,0.442744,,,1.0,23.57715,0.02905301,,4.392213233765266,0.3595784828544815,2.4617568047913334,0.0,0.0,0.0885192478437341,94.25663,,2_a,17,2791543.0
1.0059325,0.99219316,0.26577955,0.2657695,0.5028319,0.0,0.99913126,0.2642443,,,1.0,22.35391,0.099122345,,4.657992796239552,0.3607956235280169,2.5609742425879025,0.0,0.0,0.0908649479959411,94.12823,,2_a,18,2865517.0
,0.8569157,0.18014061,0.18013526,0.33537963,0.0,0.99788266,0.6198009,,,1.0,32.01984,0.031186836,,4.838133408022442,0.3773970741554142,2.596685285049952,0.0,0.0,0.0921547437848807,93.93226,,2_a,19,2906192.0
,0.9880601,0.12050432,0.12049803,0.50631875,0.0,0.99867934,0.7027504,,,1.0,28.878613,0.09913283,,4.958637724940796,0.3789492374766521,2.693274834515845,0.0,0.0,0.0949707318619989,93.76415,,2_a,20,2994997.0
0.99130386,1.2369933,0.25037414,0.25036603,0.53659713,0.0,0.9997526,0.31199136,,,1.0,24.743282,0.032341693,,5.209011851212239,0.3851338939574937,2.7265115717104687,0.0,0.0,0.0958595256215119,93.678055,,2_a,21,3023026.0
,1.0263969,0.12815344,0.12814887,0.524638,0.0,0.9996558,0.6618734,,,1.0,22.4524,0.09913283,,5.337165292289249,0.3851652482192468,2.7722218459602264,0.0,0.0,0.0980818429731101,93.52938,,2_a,22,3093109.0
,0.7934706,0.19548386,0.19547231,0.48582095,0.0,1.0012912,0.36967897,,,1.0,22.52231,0.09913283,,5.532649150844552,0.3888551854649673,2.833682501766256,0.0,0.0,0.0995911973617453,93.443474,,2_a,23,3140708.0
1.3716044,0.8672746,0.6790124,0.27440062,0.38991174,0.0,0.99951524,0.46290317,,,1.0,28.24731,0.6882451,,6.21166158094169,0.4169007087960229,3.2994202279523512,0.0,0.0,0.1050963660578386,92.90846,,2_a,24,3314319.0
1.0370244,1.1271155,0.53991026,0.38560438,0.3145148,0.0,0.99979615,0.5757187,,,1.0,28.214556,0.4346118,,6.751571853270414,0.415115561861908,3.695991137750879,0.0,0.0,0.117777302130898,92.06807,,2_a,25,3714225.0
,0.7475641,0.0529568,0.052950468,0.3145148,0.033333335,0.99889934,0.9852686,,,1.0,14.509253,0.055393096,,6.804528654444479,0.4074880111726779,3.7210213438912745,0.0,0.0,0.120585774987316,91.89041,,2_a,26,3802793.0
,0.93194896,0.09122107,0.09121545,0.3145148,0.06666667,0.9992258,0.8572448,,,1.0,23.781965,0.099153794,,6.895749723016769,0.4095977980554278,3.776847544506073,0.0,0.0,0.1221400304414003,91.83273,,2_a,27,3851808.0
,1.1799349,0.23731622,0.23731147,0.5047106,0.0,0.999533,0.31511697,,,1.0,24.965498,0.08925231,,7.133065951383906,0.4149550850841634,3.864098009743952,0.0,0.0,0.1231473236935565,91.75641,,2_a,28,3883574.0
0.8803003,1.0953618,0.54701245,0.15030737,0.37328863,0.0,1.0000288,0.4793618,,,1.0,26.262068,0.67586327,-0.39497373,7.680078377635427,0.437079857695041,4.069383088817831,0.0,0.0,0.1263773148148148,91.29795,,2_a,29,3985435.0
,1.107328,0.1682115,0.1682047,0.5052155,0.0,1.0010451,0.5088953,,,1.0,27.209166,0.099122345,,7.848289878731919,0.4240534446519944,4.131698715406125,0.0,0.0,0.133373033992897,90.98053,,2_a,30,4206052.0
,0.7822067,0.17514007,0.17513396,0.4958546,0.0,0.9984698,0.43123373,,,1.0,24.912573,0.099122345,,8.023429948663676,0.4254470156233027,4.214196950616554,0.0,0.0,0.1353135781329274,90.83756,,2_a,31,4267249.0
,,0.46061966,0.46054986,0.6017195,0.0,,0.19996981,,,0.0,42.71484,3.472162e-05,,0.4606196534060768,3.4702009677152934,0.0302686580951983,0.0,0.0,0.0012005961440892,100.0,6.903409771540876,3_a,0,37862.0
0.9762011,0.6949192,0.43586957,0.43583497,0.4122938,0.0,0.9989362,0.47566146,1.0,0.0,0.033333335,43.78148,0.04280891,,0.8964892237369034,2.869468521990766,0.5942447963231101,0.0,0.0,0.004083904109589,98.950745,6.46754020121005,3_a,1,128790.0
0.6809246,0.8150734,0.662683,0.39511272,0.5858164,0.0,1.0004472,0.26715943,1.0,0.0,0.06666667,37.77942,0.3903828,,1.559172223849635,1.1456325875715343,1.015231654619832,0.0,0.0,0.0155501966007103,97.15091,5.804857201097319,3_a,2,490391.0
0.89721483,0.9794997,0.43673444,0.4367222,0.607028,0.0,1.0004479,0.20783597,1.0,0.0,0.1,39.851524,0.063648365,,1.9959066622960469,0.8969011140787448,1.1569554299835112,0.0,0.0,0.0236036910197869,95.87422,5.3681227626509065,3_a,3,744366.0
,0.7973459,0.16810372,0.16809827,0.5459364,0.0,1.0007657,0.5019296,1.0,0.0,0.13333334,37.332653,0.086294495,,2.1640103917198505,0.7396406402898773,1.326651605293292,0.0,0.0,0.0312408358701166,94.56264,5.200019033227103,3_a,4,985211.0
0.75504726,1.1507545,0.2929262,0.29292458,0.5322087,0.0,1.0004767,0.38440415,1.0,0.0,0.16666667,41.415886,0.09913283,,2.456936582953808,0.8313311574407106,2.001663027483892,0.0,0.0,0.0340678589548452,93.87933,4.907092841993146,3_a,5,1074364.0
0.8576268,1.0615941,0.34338516,0.34332034,0.56864154,0.0,0.99905777,0.2653948,1.0,0.0,0.2,39.770313,0.09914331,,2.800321743976012,0.8810378105878998,2.17095934613558,0.0,0.0,0.0365961440892947,93.49315,4.563707680970942,3_a,6,1154096.0
1.6255704,1.1502681,0.7032133,0.20480509,0.5750122,0.0,1.0003222,0.27397132,1.0,0.0,0.23333333,40.453156,0.577861,,3.5035350238067804,0.901800950968264,3.193267272820244,0.0,0.0,0.0448940892947742,91.67828,3.860494401140173,3_a,7,1415780.0
0.7836272,0.9064548,0.46239275,0.18215941,0.5583579,0.0,1.0006862,0.3997047,1.0,0.0,0.26666668,40.79279,0.39123628,,3.965927761166795,0.9824467337219768,3.662592135982381,0.0,0.0,0.0473742072552004,91.02769,3.3981016637801584,3_a,8,1493993.0
0.90474147,0.84823895,0.34266403,0.3426364,0.5853614,0.0,0.9988732,0.25608313,1.0,0.0,0.3,37.720108,0.09143061,,4.308591803560023,0.921671857083704,3.831977185172604,0.0,0.0,0.0536474822425164,90.21364,3.0554376213869308,3_a,9,1691827.0
0.93573713,1.142677,0.3079349,0.30791527,0.5705021,0.0,1.0001274,0.31534776,1.0,0.0,0.33333334,40.87559,0.09913283,,4.616526715030577,0.9705558550154068,4.1664292867174,0.0,0.0,0.055437468290208,89.81354,2.747502709916376,3_a,10,1748276.0
1.0898298,1.0288095,0.6811383,0.32773888,0.44808993,0.0,0.9998421,0.40334404,1.0,0.0,0.36666667,43.21193,0.49614197,,5.297664971176763,1.0689792536158684,4.843723186838892,0.0,0.0,0.0595115106544901,88.514114,2.0663644537701904,3_a,11,1876755.0
1.0142386,0.9075353,0.52545947,0.27856264,0.56028,0.0,0.9993967,0.33774826,1.0,0.0,0.4,40.497902,0.3408772,,5.823124417224364,1.0000148987114,5.229474386478181,0.0,0.0,0.0693159880771182,86.74318,1.5409050077225892,3_a,12,2185949.0
0.92700064,0.85424954,0.9185242,0.312922,0.5774223,0.0,1.0012273,0.31079593,1.0,0.0,0.43333334,41.44451,0.61109823,,6.741648599696622,0.8581362180248853,6.086491082413522,0.0,0.0,0.0937581811263318,82.81985,0.6223808252503318,3_a,13,2956758.0
,0.80439603,0.123528786,0.12352771,0.5149826,0.0,1.0013548,0.6847456,1.0,0.0,0.46666667,41.116856,0.011553372,,6.865177387446585,0.8299005955168335,6.223125222622269,0.0,0.0,0.099263540081177,81.68658,0.4988520375003684,3_a,14,3130375.0
1.1633568,1.3758682,0.49885204,0.49880484,0.5912298,0.0,0.99951506,0.24079834,1.0,0.0,0.5,42.98081,0.060014416,,7.364029424946954,0.7501088750048585,6.806205701342881,0.0,0.0,0.1190978564180618,78.499916,0.0,3_a,15,3755870.0
,0.9681443,0.18168123,0.18168023,0.5567348,0.0,0.99873996,0.5165242,1.0,0.0,0.53333336,38.570488,0.09913283,,7.545710649607692,0.7591560256100279,7.033809610014686,0.0,0.0,0.1211888318112633,78.13252,0.0,3_a,16,3821811.0
1.1712586,1.0183544,0.7707098,0.37137204,0.288461,0.0,1.0002832,0.65354407,1.0,0.0,0.56666666,41.375584,0.9050332,,8.316420467613431,0.845667814535873,8.90083076546013,0.0,0.0,0.1302892567224759,75.82252,0.0,3_a,17,4108802.0
1.0953702,0.9627012,0.85752356,0.22716045,0.48255867,0.0,0.9993158,0.40427718,1.0,0.0,0.6,43.52137,0.6760399,,9.173944055356008,0.835890750487866,9.790170878645323,0.0,0.0,0.1466239852866565,72.64896,0.0,3_a,18,4623934.0
,0.96835446,0.23250234,0.23249911,0.59695977,0.0,1.0005604,0.4098279,1.0,0.0,0.6333333,37.88963,0.099122345,,9.406446393309276,0.8395030496501334,9.957321330155812,0.0,0.0,0.1489302384576357,72.25552,0.0,3_a,19,4696664.0
1.3669062,0.97700524,0.9669454,0.22118042,0.5720249,0.0,0.99937105,0.28335324,1.0,0.0,0.6666667,39.899704,0.6320903,,10.373391775264626,0.8415597622113228,10.514741424226257,0.0,0.0,0.1595170281582952,70.384735,0.0,3_a,20,5030529.0
,,0.30553526,0.30553466,0.6340871,0.0,,0.4699313,,,0.0,35.21188,3.472162e-05,,0.3055352545864184,2.171149270428988,0.0155511125217143,0.0,0.0,0.0007637620497209,100.0,,4_a,0,24086.0
,0.8175901,0.13792741,0.13792741,0.6465307,0.0,0.99995863,0.9590561,1.0,0.0,0.033333335,27.751038,0.099122345,,0.4434626749475553,0.5862334771121147,0.1018172456987167,0.0,0.0,0.0047827562151192,99.75916,,4_a,1,150829.0
1.1183691,1.0733855,0.35996702,0.3599638,0.6352679,0.0,0.999672,0.35427198,1.0,0.0,0.06666667,29.254505,0.09913283,,0.8034297128813825,0.6365560312917512,0.2676574885853668,0.0,0.0,0.0068996702181633,99.60737,,4_a,2,217588.0
0.9956351,1.1379522,0.28097403,0.29472038,0.5739731,0.0,1.0006877,0.5864337,1.0,0.0,0.1,35.317776,0.099122345,,1.084403750357961,0.9402299777845976,0.7418201796155404,0.0,0.0,0.0091225583460172,99.23692,,4_a,3,287689.0
,0.775975,0.098019466,0.098019466,0.5739731,0.033333335,0.86692387,0.99947524,1.0,0.0,0.13333334,25.71366,0.099122345,,1.1824232174298,0.606633608705905,0.8235021335920634,0.0,0.0,0.0155798135464231,98.94779,,4_a,4,491325.0
,0.8961106,0.22023597,0.22023596,0.3979791,0.0,0.9995233,0.7326112,1.0,0.0,0.16666667,31.740252,0.099122345,,1.4026591935534671,0.633174857734448,0.9939439854625788,0.0,0.0,0.018499968290208,98.69697,,4_a,5,583415.0
1.4787589,1.6801891,0.86099124,0.33489066,0.6844532,0.0,1.0004153,0.36017126,1.0,0.0,0.2,36.493404,0.5171666,,2.263650451412297,0.8576331190410373,1.3403815060995656,0.0,0.0,0.021206874682902,98.19912,,4_a,6,668780.0
1.092853,1.278733,0.4734961,0.47349414,0.66496176,0.0,0.9999967,0.3081458,1.0,0.0,0.23333333,35.038597,0.0833066,,2.7371465642390795,0.9145712255305928,1.4863206593912268,0.0,0.0,0.0229011922881785,97.99692,,4_a,7,722212.0
0.97991997,1.1847237,0.32337365,0.32337305,0.64541423,0.0,0.9998913,0.48210567,1.0,0.0,0.26666668,36.744823,0.04313044,,3.060520224070633,0.8352762529239027,1.5318274393043638,0.0,0.0,0.0280134132420091,97.5419,,4_a,8,883431.0
0.87981415,0.94664776,0.2802151,0.28021348,0.6151593,0.0,0.9996218,0.48139644,1.0,0.0,0.3,31.460712,0.09914331,,3.3407353376987152,0.857355228098479,1.657882369955033,0.0,0.0,0.0295528285134449,97.311356,,4_a,9,931978.0
,0.7416564,0.06878795,0.06878795,0.6151593,0.033333335,0.71295595,0.999691,1.0,0.0,0.33333334,28.820175,0.08830972,,3.4095232872556385,0.8323132564937084,1.8280850357026897,0.0,0.0,0.031437468290208,97.077034,,4_a,10,991412.0
1.0559722,0.9867899,0.27267808,0.27267808,0.6684263,0.0,0.99993163,0.60687166,1.0,0.0,0.36666667,38.004574,0.099122345,,3.682201375795621,0.9242037384973476,2.4991555681882414,0.0,0.0,0.0334394660071029,96.82975,,4_a,11,1054547.0
,0.85617757,0.2383043,0.2383043,0.62662965,0.0,0.99910045,0.5416977,1.0,0.0,0.4,27.082863,0.09401515,,3.920505673565133,0.9325263271726352,2.5891761686588293,0.0,0.0,0.034384671486555,96.677,,4_a,12,1084355.0
,0.7919224,0.20177324,0.20177324,0.62025446,0.0,1.0001478,0.6370931,1.0,0.0,0.43333334,29.13362,0.09914331,,4.122278908961629,0.891750654331306,2.708575475070597,0.0,0.0,0.0373785832064941,96.488434,,4_a,13,1178771.0
1.1434464,0.9086872,0.39439172,0.17555661,0.5428352,0.0,1.0002846,0.759172,1.0,0.0,0.46666667,38.73015,0.45503393,,4.516670638940371,0.9962756526383868,3.401100948844842,0.0,0.0,0.0395374809741248,96.00149,,4_a,14,1246854.0
,0.9138781,0.20420295,0.2042028,0.6068526,0.0,0.9999563,0.61360013,1.0,0.0,0.5,26.525614,0.09913283,,4.720873587700752,0.9500270037909936,3.488789781275298,0.0,0.0,0.0426021372399797,95.84927,,4_a,15,1343501.0
,0.952023,0.19718122,0.19718122,0.63186616,0.0,0.9999369,0.80675524,1.0,0.0,0.53333336,37.328663,0.099122345,,4.918054817995878,0.9812264787934156,3.648239093582845,0.0,0.0,0.0439796423135464,95.71128,,4_a,16,1386942.0
0.87470245,1.0192083,0.3346122,0.3346122,0.5773406,0.0,1.0004228,0.53432345,1.0,0.0,0.56666666,33.369392,0.085381,,5.252667000262292,0.9605478954609656,4.198180787422303,0.0,0.0,0.0484814497716895,95.238556,,4_a,17,1528911.0
,0.8335107,0.08470577,0.08470577,0.5773406,0.033333335,0.67191434,0.9997539,1.0,0.0,0.6,31.850111,0.099122345,,5.3373727712825305,0.9526910790593062,4.37690013243652,0.0,0.0,0.0500988394216133,95.02112,,4_a,18,1579917.0
,0.900931,0.10885377,0.10885377,0.37801746,0.0,0.7864374,0.9998672,1.0,0.0,0.6333333,34.94456,0.099122345,,5.4462265439938085,0.9587844913880852,4.470092767082286,0.0,0.0,0.0525606291222729,94.78622,,4_a,19,1657552.0
0.99684274,0.8934432,0.28755105,0.12400973,0.4663658,0.0,0.99983424,0.90122414,1.0,0.0,0.6666667,35.745884,0.5244272,,5.73377760329885,0.9367757056370856,5.5454777499836005,0.0,0.0,0.06033184297311,94.14959,,4_a,20,1902625.0
0.9221676,1.0074168,0.3143753,0.3143744,0.4489041,0.0,1.0003515,0.6002602,1.0,0.0,0.7,34.355347,0.026655454,,6.048152926349244,0.9495475776652128,5.677010189353902,0.0,0.0,0.0623800418569254,93.82922,,4_a,21,1967217.0
,0.9008967,0.07161775,0.18020757,0.4489041,0.033333335,0.57445866,0.99975574,1.0,0.0,0.73333335,35.65502,0.073074035,,6.119770675344101,0.9644819826182068,6.176112542799967,0.0,0.0,0.0639804984779299,93.62943,,4_a,22,2017689.0
0.9612699,1.2444024,0.523082,0.082947195,0.604661,0.0,0.99995476,0.5166999,1.0,0.0,0.76666665,33.803238,0.62394345,,6.6428526720002745,0.9655312416874192,7.2007273893558015,0.0,0.0,0.0697277397260274,92.95241,,4_a,23,2198934.0
1.0032973,1.1830732,0.34780943,0.34780872,0.6355518,0.0,1.0000664,0.40989092,1.0,0.0,0.8,31.788435,0.099122345,,6.990662107731712,0.9584943378516584,7.299771890028895,0.0,0.0,0.0723295281582952,92.82248,,4_a,24,2280984.0
,,0.09996965,0.09996965,,1.0,,0.5782963,,,1.0,36.471466,3.472162e-05,,0.0999696457749684,2.293058833984727,0.0424659995777786,0.0,0.0,0.0004045852359208,100.0,,5_a,0,12759.0
0.7126117,0.8970315,0.41620535,0.21467909,0.47127217,0.0,0.99965256,0.4003562,,,1.0,34.65925,0.43657342,,0.5161749796619557,1.386822116504692,0.5867728158709054,0.0,0.0,0.0039221207508878,99.50426,,5_a,1,123688.0
,1.0301629,0.18770333,0.18770333,0.6160082,0.0,0.99951524,0.30568868,,,1.0,27.702404,0.099122345,,0.7038783129533736,0.5441042546020615,0.6594412715844298,0.0,0.0,0.0122422311009639,98.94456,,5_a,2,386071.0
0.98108435,1.0615214,0.4783785,0.12320335,0.49522457,0.0,0.99981356,0.3478229,,,1.0,31.528458,0.5145478,,1.182256829290524,0.7417614925236409,1.1437504430313514,0.0,0.0,0.0145366248097412,98.44205,,5_a,3,458427.0
,0.81272745,0.09771203,0.09771203,0.49522457,0.033333335,1.0002879,0.5704285,,,1.0,27.462177,0.09913283,,1.279968860967062,0.6093364248111929,1.2598166345760655,0.0,0.0,0.0190939244038559,98.1455,,5_a,4,602146.0
1.0967592,1.0206181,0.25897434,0.25897434,0.6609967,0.0,0.9990686,0.23377727,,,1.0,31.954657,0.099122345,,1.5389432055663497,0.6510335715841001,1.3933024841363313,0.0,0.0,0.0205590436326737,98.01127,,5_a,5,648350.0
1.156122,1.2465175,1.1117814,0.6001794,0.5294143,0.0,1.0006431,0.2791766,,,0.0,30.742908,0.45555514,,2.650724531981252,0.7222410144256538,1.9482989693962256,0.4194254487786833,0.0,0.0280967148655504,97.00824,,5_a,6,886058.0
1.0343097,1.0598481,0.29374585,0.29374585,0.6466946,0.0,1.0002624,0.1960147,1.0,0.0,0.033333335,33.44803,0.0014457137,,2.9444703674276806,0.754707859038172,1.9649085261226356,0.3775827866069391,0.0,0.0288975456621004,96.686714,,5_a,7,911313.0
1.0182455,1.1829855,0.3823566,0.3823557,0.6483382,0.0,0.99933976,0.152888,1.0,0.0,0.06666667,30.79891,0.099122345,,3.3268269884663457,0.7626616612687553,2.026940745600023,0.3341866980968038,0.0,0.031597602739726,96.41183,,5_a,8,996462.0
,0.96595937,0.1707894,0.1707894,0.60029304,0.0,1.0002204,0.32610533,1.0,0.0,0.1,26.696133,0.09661404,,3.4976163886776432,0.7671129653333858,2.104460585373819,0.3178682859600955,0.0,0.0328692605276509,96.12267,,5_a,9,1036565.0
1.2453436,1.3993776,0.4961116,0.49610147,0.6566236,0.0,1.0002669,0.1099527,1.0,0.0,0.13333334,30.616346,0.099122345,,3.993727997592464,0.792462926177495,2.249283105437231,0.2783818344877558,0.0,0.0348203957382039,95.946594,,5_a,10,1098096.0
1.1361444,1.0693967,0.42021036,0.42021036,0.67453015,0.0,0.9997916,0.16718048,1.0,0.0,0.16666667,38.470436,0.007931426,,4.4139383728887,0.7913664411280249,2.4581675997876524,0.251879666749243,0.0,0.0396718987823439,95.114655,,5_a,11,1251093.0
0.9069066,0.8421485,0.25052905,0.25052905,0.6342717,0.0,0.9990034,0.23478559,1.0,0.0,0.2,27.880732,0.09913283,,4.664467431327054,0.7995115489682527,2.544363328578271,0.2383511821624182,0.0,0.0410792110603754,95.023544,,5_a,12,1295474.0
1.509223,1.6615211,0.50981265,0.50980455,0.61413586,0.0,0.99974257,0.1638657,0.44424903,0.0,0.0,35.432823,0.06661969,,5.174280058403785,0.8226818696698377,2.6809101992886166,0.3133950878553486,0.0,0.0445208650431253,94.35069,,5_a,13,1404010.0
,0.8222333,0.10849515,0.10849515,0.57032514,0.0,1.0002772,0.44536486,0.44424903,0.0,0.033333335,25.989817,0.09129328,,5.2827752103972845,0.8188244066361849,2.802933580790687,0.3069587269774597,0.0,0.04562484145104,94.26644,,5_a,14,1438825.0
,0.94128656,0.14599717,0.14599717,0.5860215,0.0,0.99960643,0.40688232,0.44424903,0.0,0.06666667,28.886625,0.09913283,,5.428772370004761,0.8106857079247445,2.877970207260673,0.2987036189712648,0.0,0.0476702498731608,94.11608,,5_a,15,1503329.0
1.088223,1.2602077,0.43488973,0.43488783,0.6740596,0.0,1.0000072,0.1459713,0.44424903,0.0,0.1,34.70963,0.099153794,,5.863662108082357,0.7819723583175706,2.968284351039202,0.2765496925984973,0.0,0.0534291286149162,93.68104,,5_a,16,1684941.0
,1.2928046,0.058915403,0.058915403,0.6740596,0.033333335,0.99978495,0.80997914,0.44424903,0.0,0.13333334,23.667278,0.005747341,,5.922577509222923,0.7806444930225395,2.986504231738136,0.273798688318795,0.0,0.0538887303399289,93.31748,,5_a,17,1699435.0
,0.8585409,0.18562482,0.18562482,0.64533234,0.0,0.99902475,0.34166363,0.44424903,0.0,0.16666667,29.50208,0.099122345,,6.108202325018429,0.740164688902135,3.061471686870726,0.2654781009544801,0.0,0.0587769216133942,93.01104,,5_a,18,1853589.0
0.97619367,0.9857226,0.30464596,0.30464596,0.6485394,0.0,0.9997501,0.22590263,0.44424903,0.0,0.2,34.56544,0.099122345,,6.412848292090955,0.7602833098317344,3.2019352880700565,0.2528664143656048,0.0,0.0608405631659056,92.80878,,5_a,19,1918668.0
1.176608,1.3207291,0.47453755,0.4745257,0.6224825,0.0,0.9996475,0.13223642,0.44424903,0.0,0.23333333,33.09702,0.05790852,,6.887385847773185,0.7764184021410517,3.3578539285809046,0.2354440406465572,0.0,0.0632892884322678,92.469986,,5_a,20,1995891.0
,0.8860172,0.08488849,0.08488849,0.6224825,0.033333335,0.9997381,0.73926306,0.44424903,0.0,0.26666668,38.298695,0.0042041135,,6.972274336225002,0.7849729118726714,3.4044448600046,0.2325774740483909,0.0,0.0638862569761542,92.105354,,5_a,21,2014717.0
,0.84334666,0.13767137,0.13767137,0.62082386,0.0,1.0008395,0.3849784,0.44424903,0.0,0.3,26.15242,0.09491027,,7.109945706342,0.7857953710302419,3.517240033701289,0.2280740276321924,0.0,0.0648893962455606,91.982605,,5_a,22,2046352.0
1.0224082,1.1939913,0.6019669,0.18212035,0.6035917,0.0,0.99965084,0.21754356,0.44424903,0.0,0.33333334,37.170723,0.4102146,,7.711912639989611,0.7853953742513317,3.671930916419296,0.2102713074163943,0.0,0.0719020484525621,91.19424,,5_a,23,2267503.0
,0.8972419,0.2344726,0.2344726,0.5847464,0.0,0.99929446,0.21983501,0.44424903,0.0,0.36666667,29.359835,0.08059811,,7.946385240483857,0.7566440217794049,3.802775362873089,0.2040668686977594,0.0,0.0763213787417554,90.779015,,5_a,24,2406871.0
1.1870637,1.3732488,0.6942632,0.3592188,0.54437184,0.0,0.99992627,0.27547896,0.44424903,0.0,0.4,35.79772,0.4887362,,8.640648483329457,0.7966561885903886,4.276290417301943,0.1876703995794065,0.0,0.0804050608828006,90.19407,,5_a,25,2535654.0
0.97449267,1.153229,0.58122855,0.38860327,0.4512279,0.0,1.0000153,0.429599,0.44424903,0.0,0.43333334,36.405495,0.49735335,,9.221877009706043,0.8405900225466739,4.859779104144876,0.175842071173244,0.0,0.0842285958904109,89.29327,,5_a,26,2656233.0
,1.0358042,0.2184386,0.2184386,0.63514847,0.0,1.0003018,0.31501195,0.44424903,0.0,0.46666667,35.346954,0.099122345,,9.440315606733032,0.8517647510020258,4.969757459208691,0.1717732776153244,0.0,0.0859059170471841,88.998,,5_a,27,2709129.0
1.0490004,1.0223536,0.39292863,0.39292848,0.61628646,0.0,0.99896175,0.14167531,0.44424903,0.0,0.5,29.789185,0.09614106,,9.833244224422137,0.8589552446345463,5.0919933369125685,0.1649093540730122,0.0,0.0873783295281583,88.75823,,5_a,28,2755563.0
1.2632921,1.4324667,0.47754148,0.47753385,0.5796643,0.0,0.9994994,0.2449198,0.44424903,0.0,0.53333336,39.66484,0.02737645,,10.310785686303008,0.9012797830035226,5.380923986408915,0.1572716185582036,0.0,0.0891925735667174,88.09364,,5_a,29,2812777.0
,0.93328047,0.19772398,0.19772398,0.60934365,0.0,1.0005664,0.30056998,0.44424903,0.0,0.56666666,29.978857,0.099122345,,10.508509664783531,0.8547228872885869,5.497506233154071,0.1543124577337519,0.0,0.0958952625570776,87.72983,,5_a,30,3024153.0
,,0.107601024,0.107601024,0.62160194,0.0,,0.99981564,,,1.0,38.7064,3.472162e-05,,0.1076010226340346,2.695187435894279,0.2283244001117743,0.0,0.0,0.0007754946727549,100.0,3.5160358869850143,6_a,0,24456.0
1.0660926,0.9764737,0.15218823,0.15218744,0.55486804,0.0,1.2724597,0.8735251,,,1.0,35.781197,0.004434597,,0.2597892490945384,0.3346569154903748,0.2653991294648781,0.0,0.0,0.0102292300862506,98.976166,3.3638476605245105,6_a,1,322589.0
,1.213331,0.44756913,0.24174902,0.43527368,0.0,1.1189922,0.7358604,,,1.0,36.60894,0.38183153,,0.7073583778116119,0.2965558688304433,0.6751340357534013,0.0,0.0,0.0321380644342973,96.577385,2.916278531807437,6_a,2,1013506.0
0.8578083,1.2920265,0.5792016,0.3080302,0.5042712,0.0,0.9995851,0.6238343,,,1.0,38.00791,0.41030675,,1.2865599377753272,0.4124782607606831,1.0415396147881046,0.0,0.0,0.0405553018772196,95.28034,2.3370769718437217,6_a,3,1278952.0
,1.1163929,0.19410253,0.19410029,0.5844672,0.0,1.0004901,0.7959073,,,1.0,38.213707,0.09913283,,1.48066246695099,0.4778319140699668,1.3934444149643632,0.0,0.0,0.0417881151699644,95.15688,2.142974442668059,6_a,4,1317830.0
,0.9157326,0.1104433,0.1104433,0.61739254,0.0,0.7999408,0.9998222,,,1.0,37.90983,0.023008721,,1.5911057721350843,0.4699621166448396,1.6661833425057184,0.0,0.0,0.0472272006595636,94.3947,2.0325311374839643,6_a,5,1489357.0
0.9695831,1.0542294,0.4995969,0.3116854,0.57864773,0.0,1.0011976,0.5889374,,,1.0,38.931103,0.30917683,,2.090702666974879,0.3709762563934379,1.9553004259528228,0.0,0.0,0.0737527904616945,91.61252,1.5329342426441697,6_a,6,2325868.0
,0.9855941,0.16922896,0.16922556,0.56144994,0.0,1.0004388,0.8610717,,,1.0,40.335445,0.0032124273,,2.2599316303293246,0.384222583338113,2.0666479968024443,0.0,0.0,0.0773270230847285,91.0182,1.3637052792897242,6_a,7,2438585.0
,0.99226665,0.21157838,0.21157104,0.55468506,0.0,1.0004132,0.6891053,,,1.0,38.67193,0.06450597,,2.471510008649717,0.408682158626718,2.317111049066145,0.0,0.0,0.0800265728056824,90.6297,1.152126900969332,6_a,8,2523718.0
0.94106895,1.0453694,0.5119247,0.18949425,0.5830615,0.0,1.0001855,0.5946798,,,1.0,39.3585,0.34803706,,2.9834346829228062,0.3119326097575755,2.5729978386608123,0.0,0.0,0.1236017567224759,85.878685,0.6402022266962426,6_a,9,3897905.0
,0.85078895,0.23197335,0.23196608,0.5561134,0.0,0.99974144,0.59435296,,,1.0,34.88879,0.03267781,,3.215408035227898,0.32275310338405,2.652415063765188,0.0,0.0,0.1250052638254693,85.58996,0.4082288743911508,6_a,10,3942166.0
,0.8987717,0.1227191,0.12271662,0.52637327,0.0,0.99954814,0.9509891,,,1.0,31.887543,0.058978386,,3.338127136702258,0.2171105959407506,2.744664777044444,0.0,0.0,0.1914326801116184,81.03774,0.2855097729167908,6_a,11,6037021.0
0.92577136,1.2471752,0.28550977,0.28550673,0.5676536,0.0,0.9995938,0.47524166,,,1.0,33.17635,0.099122345,,3.623636909619049,0.2100046720467771,2.916541974416295,0.0,0.0,0.2077138825469305,79.67323,0.0,6_a,12,6550465.0
1.0229307,1.0482821,0.26279524,0.26277253,0.5791199,0.0,1.0003617,0.579466,,,1.0,36.30497,0.099122345,,3.8864321522878855,0.2113795097677205,3.0774220728308284,0.0,0.0,0.2198932014205986,78.440384,0.0,6_a,13,6934552.0
0.98553634,0.88332564,0.28571165,0.28569806,0.5572798,0.0,0.99993193,0.5093669,,,1.0,35.479336,0.099122345,,4.172143798206424,0.2204409942753928,3.2256471123267305,0.0,0.0,0.2230316780821918,77.98752,0.0,6_a,14,7033527.0
1.1089258,0.9720038,0.33690834,0.33690265,0.6260643,0.0,1.0006975,0.487055,,,1.0,37.786537,0.04482508,,4.5090521266364645,0.228090441309135,3.295239745517601,0.0,0.0,0.2284635971588026,77.39207,0.0,6_a,15,7204828.0
,1.0237921,0.16948897,0.16948725,0.5349905,0.0,0.9998469,0.76385087,,,1.0,32.296886,0.027905602,,4.678541095722099,0.227714880070656,3.3442829629983124,0.0,0.0,0.2344195839675291,76.72545,0.0,6_a,16,7392656.0
0.93001264,1.2381002,0.2990244,0.2990017,0.59983146,0.0,0.9998777,0.48063758,,,1.0,32.29984,0.099153794,,4.977565485990687,0.2379806658897585,3.8771031358992825,0.0,0.0,0.2381390474378488,76.25813,0.0,6_a,17,7509953.0
0.9838799,1.1287662,0.27074492,0.2707388,0.6131821,0.0,0.99989593,0.5961259,,,1.0,36.765095,0.099122345,,5.248310394084931,0.2276947511718228,4.050570822910935,0.0,0.0,0.2611222095383054,74.00199,0.0,6_a,18,8234750.0
,1.0135187,0.20908718,0.20908262,0.5715483,0.0,1.0002371,0.7048393,,,1.0,35.838444,0.07536297,,5.457397566269104,0.233866655554065,4.165980362517792,0.0,0.0,0.263595636732623,73.60219,0.0,6_a,19,8312752.0
,0.93027943,0.14367683,0.14367463,0.31116572,0.0,0.9997689,0.9451039,,,1.0,34.227055,0.0901517,,5.601074396772638,0.2168814122058457,4.316560266189346,0.0,0.0,0.2961976788432268,71.11606,0.0,6_a,20,9340890.0
,1.0264356,0.16110368,0.16110337,0.5877828,0.0,1.0000966,0.9155353,,,1.0,35.396847,0.099122345,,5.762178079833893,0.2194492919411749,4.490305003492638,0.0,0.0,0.3019097856418062,70.566345,0.0,6_a,21,9521027.0
,1.0706763,0.24237569,0.24237154,0.59776664,0.0,1.0005835,0.58792174,,,1.0,31.198833,0.099153794,,6.00455377308462,0.2221276290394798,4.638361648533267,0.0,0.0,0.3059192034500254,70.176056,0.0,6_a,22,9647468.0
,0.8211754,0.09413837,0.094131276,0.59776664,0.033333335,0.97264624,0.9961333,,,1.0,27.365007,0.067106836,,6.0986921427493055,0.2208487902803908,4.719101684236112,0.0,0.0,0.3115256849315068,69.72378,0.0,6_a,23,9824274.0
0.91500986,0.9272799,0.30152577,0.30152398,0.6067765,0.0,0.99962866,0.49523672,,,1.0,33.427517,0.09914331,,6.400217923574855,0.2235749888627932,4.8491174047553125,0.0,0.0,0.3178215055809233,69.30918,0.0,6_a,24,10022819.0
0.89057595,1.0777286,0.31164438,0.31160715,0.5832775,0.0,0.99951696,0.444996,,,1.0,31.391823,0.099122345,,6.711862302462578,0.2214301779689848,5.015420215429772,0.0,0.0,0.33068350456621,68.09863,0.0,6_a,25,10428435.0
0.88121414,0.9607645,0.27024916,0.2702264,0.46531624,0.0,0.9994748,0.652067,,,1.0,35.08132,0.039999433,,6.982111459467496,0.2222396418037416,5.082041645874565,0.0,0.0,0.3430361491628615,66.9763,0.0,6_a,26,10817988.0
0.8044979,1.0193653,0.34035107,0.340331,0.58228487,0.0,0.999715,0.417719,,,1.0,33.165443,0.09913283,,7.3224625202173454,0.2176937581916416,5.236821253610218,0.0,0.0,0.3615779426686961,65.800674,0.0,6_a,27,11402722.0
,0.89674133,0.247652,0.24764173,0.54869294,0.0,1.000229,0.57785654,,,1.0,37.538364,0.024692612,,7.570114511191701,0.2153461815307342,5.298338041914213,0.0,0.0,0.3761004249112126,64.30806,0.0,6_a,28,11860703.0
,1.0851724,0.22416824,0.2241635,0.56778663,0.0,0.99975145,0.6281751,,,1.0,32.246235,0.07317086,,7.794282753009563,0.2163141166463617,5.400768637657887,0.0,0.0,0.3822644279553526,63.671516,0.0,6_a,29,12055091.0
0.9515299,0.9587814,0.28675646,0.2867519,0.5861102,0.0,1.0001276,0.5005576,,,1.0,31.82639,0.068728946,,8.081039212429369,0.2164115991044161,5.476717527733981,0.0,0.0,0.3906266489091831,63.011993,0.0,6_a,30,12318802.0
,0.88563687,0.12329828,0.12329828,0.5284872,0.0,1.000022,0.9762286,,,1.0,35.09131,0.024376392,,8.204337490273158,0.2190417823102519,5.5291638208033085,0.0,0.0,0.3920080859969558,62.751472,0.0,6_a,31,12362367.0
1.0177855,1.2762531,0.34942183,0.34941185,0.59702086,0.0,1.0001689,0.42796046,,,1.0,35.223526,0.099122345,,8.55375932881534,0.2245515621950672,5.705470084614648,0.0,0.0,0.3946607369355657,62.508976,0.0,6_a,32,12446021.0
,0.90700144,0.14282069,0.14281699,0.49490884,0.0,1.0000035,0.80034274,,,1.0,33.000774,0.031209273,,8.696580015575483,0.2263640254036759,5.7788064191119295,0.0,0.0,0.3970133498224251,62.119286,0.0,6_a,33,12520213.0
0.8982975,1.0597866,0.30139253,0.30136222,0.5703722,0.0,1.0000978,0.45952037,,,1.0,32.371674,0.099122345,,8.997972535828442,0.2304645296397265,5.94442660537413,0.0,0.0,0.3998367579908676,61.869194,0.0,6_a,34,12609252.0
,0.85294235,0.13468993,0.13468562,0.5445053,0.0,0.9998904,0.9285237,,,1.0,30.541536,0.099122345,,9.132662462898368,0.2296279185484182,6.10432491815777,0.0,0.0,0.4070426813800101,61.124126,0.0,6_a,35,12836498.0
,,0.052582994,0.052582994,,1.0,,0.9996049,,,1.0,32.00372,3.472162e-05,,0.0525829956282204,1.6953844049498958,0.0231303555391015,0.0,0.0,0.0002992453069507,100.0,,7_a,0,9437.0
0.61860275,0.81958836,0.21780078,0.21779948,0.5561359,0.0,1.4703174,0.49082956,,,1.0,34.925175,0.09913283,,0.2703837718753251,0.3934611029659879,0.1745160706650218,0.0,0.0,0.0066341007102993,99.64604,,7_a,1,209213.0
1.2375659,1.4288242,0.41730216,0.41728127,0.5719736,0.0,1.1890676,0.277863,,,1.0,38.59183,0.0931825,,0.6876859305292393,0.6730247562727285,0.4099179693523827,0.0,0.0,0.0098460172501268,99.35127,,7_a,2,310504.0
0.7993338,1.0539585,0.3053195,0.3053165,0.54766876,0.0,1.0004001,0.33709309,,,1.0,37.695515,0.005344489,,0.9930054127520692,0.6259590978706034,0.4419568665879187,0.0,0.0,0.013873033992897,98.80522,,7_a,3,437500.0
,1.0213611,0.12217602,0.12217602,0.5975213,0.0,1.0010289,0.8975908,,,1.0,34.77771,0.025877547,,1.1151814327696208,0.6826627314984908,0.4966449538821638,0.0,0.0,0.0144323630136986,98.624146,,7_a,4,455139.0
0.8304159,0.8980335,0.5338062,0.19403224,0.54196095,0.0,0.99999326,0.38076642,,,1.0,36.39284,0.34484482,,1.6489876352571984,0.6910349844263983,0.6873453200190418,0.0,0.0,0.0200748985286656,98.04734,,7_a,5,633082.0
1.4373013,0.9302263,0.7884102,0.29741925,0.573435,0.0,1.0007504,0.2989236,,,1.0,40.511875,0.47739092,,2.4373978226635296,0.5852397815982188,0.9393143645186682,0.0,0.0,0.0373703386605783,96.38232,,7_a,6,1178511.0
0.9228374,0.91133255,0.3061186,0.3061186,0.5550636,0.0,1.0007343,0.34194085,,,1.0,37.955223,0.008103651,,2.743516432662269,0.6206804776385055,0.9771039377214668,0.0,0.0,0.0386214167935058,96.11258,,7_a,7,1217965.0
0.93444973,0.9073435,0.2748602,0.2748602,0.5737661,0.0,0.99954385,0.3972197,,,1.0,34.699215,0.09914331,,3.0183766451855734,0.5007616266644845,1.112002717932792,0.0,0.0,0.0523132293252156,95.122116,,7_a,8,1649750.0
1.1016501,1.1373456,0.83079714,0.1205926,0.44489223,0.0,1.000712,0.5085663,,,1.0,39.875988,0.80972576,,3.849173784195818,0.6471812244653747,1.99114851004334,0.0,0.0,0.0580811453576864,94.00959,,7_a,9,1831647.0
1.068821,1.156238,1.0482796,0.33687553,0.5668168,0.0,0.9991752,0.3302979,,,1.0,39.665016,0.6632844,,4.897453428367685,0.6610756269556413,2.506326389353355,0.0,0.0,0.073033041603247,92.5593,,7_a,10,2303170.0
0.80312175,0.8971241,0.25790653,0.25788593,0.53589535,0.0,1.0003086,0.3977381,,,1.0,35.877018,0.045356143,,5.155359958755114,0.6745595033103056,2.6127946318865263,0.0,0.0,0.0746566780821917,92.22225,,7_a,11,2354373.0
1.02164,1.152463,0.37357894,0.37356353,0.5621318,0.0,0.9997221,0.28707877,,,1.0,36.427223,0.07569566,,5.528938896902729,0.6876621512553163,2.7510269525035262,0.0,0.0,0.0773083777270421,91.95131,,7_a,12,2437997.0
1.1912903,0.97225475,0.65105647,0.25693735,0.56214124,0.0,1.0002209,0.3534314,,,1.0,41.4368,0.34944984,,6.179995364480149,0.7142568734577479,2.8925102905199496,0.0,0.0,0.0830085933536276,91.15575,,7_a,13,2617759.0
1.0228033,1.0147986,0.27455884,0.27455834,0.5657706,0.0,0.9996618,0.4050481,,,1.0,37.115894,0.09856666,,6.454554214556262,0.7267834566017191,3.0786155672843205,0.0,0.0,0.085078069507864,90.88427,,7_a,14,2683022.0
0.9773593,0.91314614,0.81127137,0.20116353,0.4639638,0.0,0.99998283,0.49589044,,,1.0,39.138702,0.79692835,,7.265825607160171,0.7753010613203108,4.21794037398992,0.0,0.0,0.0941462455606291,89.59182,,7_a,15,2968996.0
0.9938929,0.9344136,0.3546264,0.35460457,0.5849347,0.0,0.9999822,0.33397686,,,1.0,39.195766,0.089273475,,7.6204519930728605,0.7984408729691025,4.404282739827867,0.0,0.0,0.0958643138001014,89.3835,,7_a,16,3023177.0
,0.8442851,0.16569223,0.16569223,0.52821326,0.0,0.99969035,0.63255376,,,1.0,37.556896,0.04264256,,7.786144222507503,0.8090634903052407,4.518596467605999,0.0,0.0,0.0969289383561643,89.11702,,7_a,17,3056751.0
1.0445412,0.95397085,0.2582456,0.25824398,0.57915074,0.0,1.0002481,0.45008457,,,1.0,38.354015,0.084402844,,8.044389811889728,0.7989549905581529,4.698495332221136,0.0,0.0,0.1014241818873668,88.653625,,7_a,18,3198513.0
,0.7885664,0.118651554,0.118651554,0.5915823,0.0,1.0000049,0.9868295,,,1.0,36.446465,0.099122345,,8.163041367858716,0.8021135117901211,4.859793802910456,0.0,0.0,0.1035583143074581,88.3542,,7_a,19,3265815.0
,0.87751067,0.10624191,0.10624191,0.56595874,0.0,1.0004001,0.98261774,,,1.0,35.43773,0.055677764,,8.269283280043288,0.8102920149884307,4.965924872519076,0.0,0.0,0.1041709791983764,88.225426,,7_a,20,3285136.0
,0.9283351,0.23931158,0.23930793,0.56040734,0.0,0.99994624,0.4650761,,,1.0,37.020443,0.066933654,,8.508594861911488,0.8254589277558718,5.109854929267873,0.0,0.0,0.1051287100456621,88.13371,,7_a,21,3315339.0
,0.9376505,0.18629365,0.18629304,0.546328,0.0,1.0000385,0.6445505,,,1.0,40.715855,0.083764404,,8.694888510640896,0.8448611652408823,5.338163763998297,0.0,0.0,0.1061580098934551,87.939026,,7_a,22,3347799.0
,0.99777436,0.24391684,0.24390973,0.5464839,0.0,1.0001246,0.4407846,,,1.0,36.436325,0.079241104,,8.938805354150153,0.8365160600752507,5.486003943547759,0.0,0.0,0.1098549594114662,87.552895,,7_a,23,3464386.0
1.0884215,1.2108123,0.5390061,0.08172831,0.5695025,0.0,0.9998516,0.39526284,,,1.0,39.637955,0.4617521,,9.477811449977022,0.8375638800059666,5.770035410571538,0.0,0.0,0.1171595319634703,86.589294,,7_a,24,3694743.0
,0.80788034,0.09391206,0.093911655,0.5695025,0.033333335,1.0001622,0.95411885,,,1.0,35.879143,0.08250762,,9.571723510021563,0.8205541713330361,5.959335040673445,0.0,0.0,0.1215170915778792,86.219955,,7_a,25,3832163.0
1.0958134,0.9762029,0.33108583,0.33108285,0.5430904,0.0,1.0000316,0.33440307,,,1.0,39.66562,0.08456239,,9.902809339573114,0.8345449348716624,6.141226978163291,0.0,0.0,0.1233038115169964,86.04338,,7_a,26,3888509.0
1.0349158,0.99419147,0.48128295,0.19727577,0.5568422,0.0,0.99937814,0.49209628,,,1.0,39.63272,0.40261382,,10.384092286730478,0.8466856077661525,6.540742009443321,0.0,0.0,0.1285677638254693,85.328514,,7_a,27,4054513.0
,0.899701,0.17771094,0.17770988,0.5444507,0.0,0.9995488,0.6056926,,,1.0,34.985577,0.099122345,,10.561803226382784,0.8377985742331467,6.697931380009187,0.0,0.0,0.1321860096397767,84.9968,,7_a,28,4168618.0
0.9903058,0.9180448,0.2773927,0.2773886,0.53778994,0.0,1.0007429,0.3842114,,,1.0,36.904408,0.098189026,,10.839195910877075,0.8233877062541445,6.887147810407346,0.0,0.0,0.137546803652968,84.51972,,7_a,29,4337676.0
,0.9224094,0.27844864,0.1452457,0.5271205,0.0,1.0000466,0.82828003,,,1.0,40.93591,0.29789022,,11.117644556032833,0.7901275970948493,7.325009934595086,0.0,0.0,0.1500022513952308,83.117355,,7_a,30,4730471.0
,,0.1788876,0.17888442,0.66989034,0.0,,0.7500991,,,1.0,32.437176,3.472162e-05,,0.1788875988340668,1.7891515327813112,0.0178941291794125,0.0,0.0,0.0006280124302384,100.0,16.287455625187974,0_b,0,19805.0
1.4351581,1.1713196,0.21464203,0.21464203,0.68629646,0.0,1.0003994,0.69751054,,,1.0,33.883713,0.09914331,,0.3935296380141936,1.2529259902815428,0.1289648868412997,0.0,0.0,0.0025940829528158,99.79647,16.072813586007847,0_b,1,81807.0
,1.0802827,0.35673887,0.1467755,0.6107254,0.0,1.0007719,0.67526215,,,1.0,31.646221,0.30067885,,0.7502684904778391,1.3936871996181766,0.2722872983720206,0.0,0.0,0.0041788749365804,99.49065,15.7160747335442,0_b,2,131785.0
1.182115,0.9273569,0.36529043,0.3652858,0.6653795,0.0,1.0000653,0.39828512,,,1.0,38.28499,0.05857459,,1.115558927946244,1.678119153540293,0.3731796863763623,0.0,0.0,0.0053289256722475,99.375656,15.350784296075796,0_b,3,168053.0
,0.988652,0.19487053,0.19486302,0.62813354,0.0,1.000502,0.64506483,,,1.0,31.328716,0.048382234,,1.310429453826591,1.6758505896649287,0.4432110767574426,0.0,0.0,0.0061586123795027,99.105965,15.155913770195449,0_b,4,194218.0
,1.0167605,0.34132925,0.17146887,0.6081245,0.0,0.9993441,0.74204993,,,1.0,35.611355,0.4261751,,1.6517586972703509,1.7843328725651195,1.11571145228662,0.0,0.0,0.0084698122780314,98.677734,14.81458452675169,0_b,5,267104.0
1.1123967,1.1159918,0.2546528,0.2546528,0.67185783,0.0,1.000025,0.5594052,,,1.0,34.249977,0.09913283,,1.9064114947029465,1.703749653422507,1.232365331639938,0.0,0.0,0.0101941590563165,98.495766,14.559931729319096,0_b,6,321483.0
0.85109454,1.1006714,0.5267925,0.400009,0.5457094,0.0,0.9996772,0.5940987,,,1.0,36.446766,0.2873782,,2.4332040157272745,1.7823388467656467,2.1030153781631005,0.0,0.0,0.0135040905631659,97.952156,14.033139208294768,0_b,7,425865.0
,0.98039764,0.19250438,0.19250438,0.38708088,0.0,1.0002592,0.8172482,,,1.0,33.24479,0.0026007816,,2.625708399044852,1.7906026292816244,2.125245767730485,0.0,0.0,0.0146283929477422,97.54814,13.840634824977188,0_b,8,461321.0
0.951377,1.1400137,0.28476566,0.28476506,0.67807734,0.0,0.99953043,0.5212314,,,1.0,35.886997,0.09913283,,2.910474066290675,1.7955761665132262,2.252020704519975,0.0,0.0,0.016077974378488,97.42301,13.555869157731363,0_b,9,507035.0
0.95224994,0.9917491,0.28445566,0.28443933,0.6242593,0.0,1.0002347,0.5035915,,,1.0,36.673084,0.086050265,,3.1949297341744183,1.7613021575677204,3.024811896778297,0.0,0.0,0.0190660197869101,96.931305,13.27141348984762,0_b,10,601266.0
0.96736926,1.0719459,0.583652,0.12199697,0.59483963,0.0,1.000126,0.54517883,,,1.0,35.4492,0.63373744,,3.778581763578056,1.5639360396188804,3.5776709770397104,0.0,0.0,0.0256797311009639,95.93956,12.687761460443983,0_b,11,809836.0
,0.96028084,0.13740557,0.13740389,0.62100387,0.0,0.9990921,0.9006142,,,1.0,33.21066,0.0723099,,3.915987341024136,1.5742911402388002,3.6814477388608218,0.0,0.0,0.0264289700659563,95.848305,12.550355882997906,0_b,12,833464.0
,0.9933063,0.19486009,0.19485782,0.64597243,0.0,1.0004829,0.6840629,,,1.0,32.644566,0.099122345,,4.1108474275003015,1.556396320933362,3.845000463703126,0.0,0.0,0.0278364091831557,95.67033,12.35549579652174,0_b,13,877849.0
1.0124117,0.9838972,0.32711092,0.3271012,0.6591464,0.0,1.0001861,0.41184112,,,1.0,32.322716,0.09913283,,4.437958357398326,1.489625273386621,3.945881296602229,0.0,0.0,0.0306194507864028,95.41551,12.028384866623714,0_b,14,965615.0
1.1381046,1.3798573,0.36367166,0.36366332,0.67237884,0.0,1.0002615,0.3965929,,,1.0,34.711784,0.097317845,,4.801630007411786,1.3559061017556402,4.0478662473002265,0.0,0.0,0.0357508244545915,94.898605,11.664713216610254,0_b,15,1127438.0
1.0534415,1.249709,0.39161822,0.39158416,0.67780286,0.0,1.0001,0.37837863,,,1.0,36.993866,0.034803923,,5.1932482198882095,1.27110121238283,4.107318781583346,0.0,0.0,0.0407114091831557,94.40291,11.27309500413383,0_b,16,1283875.0
1.2246432,1.3214891,0.5304854,0.42992482,0.43408817,0.0,0.95138085,0.6582024,,,1.0,36.007706,0.41302136,,5.723733593105765,1.3369642114546854,4.56798007297201,0.0,0.0,0.0441447234906139,93.52816,10.742609630916276,0_b,17,1392148.0
,0.83281213,0.07258044,0.07258044,0.43408817,0.033333335,0.6523056,0.9997709,,,1.0,26.345469,0.09913283,,5.796314037422063,1.2547899985221134,4.672215973117453,0.0,0.0,0.0476471651445966,93.244156,10.670029186599978,0_b,18,1502601.0
0.89359266,1.0853195,0.7789703,0.27902436,0.6016449,0.0,0.9998109,0.5420716,,,1.0,35.53123,0.782463,,6.575284353845392,1.295410159337952,5.798246969116484,0.0,0.0,0.0531175481988838,92.40526,9.891058870176648,0_b,19,1675115.0
,1.0622456,0.23652302,0.23651631,0.6765501,0.0,1.0001247,0.62522393,,,1.0,34.773075,0.09913283,,6.811807371884711,1.3006798961565256,5.928353142011536,0.0,0.0,0.0547179096905124,92.18991,9.654535852137329,0_b,20,1725584.0
,0.9888353,0.24255349,0.24255097,0.67619884,0.0,0.999681,0.56039226,,,1.0,31.892279,0.09914331,,7.054360856744472,1.29686467578482,6.0527719076504525,0.0,0.0,0.0562602739726027,91.95747,9.411982367277568,0_b,21,1774224.0
,0.9434135,0.17273992,0.1727393,0.6177395,0.0,1.000093,0.7735044,,,1.0,34.272007,0.07838535,,7.227100780648672,1.2971988831911143,6.178634351266955,0.0,0.0,0.0575848871131405,91.74602,9.239242443373367,0_b,22,1815997.0
,0.9431678,0.14070316,0.14070316,0.5908339,0.0,1.0000346,0.8307974,,,1.0,29.59243,0.056990575,,7.367803937073139,1.2994415955500362,6.250010066560342,0.0,0.0,0.0582822488584474,91.6064,9.0985392869489,0_b,23,1837989.0
,0.96537215,0.21815908,0.21815242,0.6304412,0.0,0.9992869,0.5884825,,,1.0,33.398758,0.048569683,,7.585963021516907,1.308677551557255,6.320037698777521,0.0,0.0,0.059144406392694,91.51507,8.880380202505133,0_b,24,1865178.0
0.96718746,1.1953675,0.47351375,0.47349998,0.714816,0.0,1.0004636,0.30126843,,,1.0,34.19869,0.09913283,,8.059476766067359,1.2600751516192497,6.480046431672482,0.0,0.0,0.0638307965499746,91.04839,8.406866457954681,0_b,25,2012968.0
,0.97577137,0.23144926,0.23144633,0.63958097,0.0,1.0000124,0.58822584,,,1.0,38.24438,0.004595904,,8.290926028296079,1.267745271428071,6.514868602145046,0.0,0.0,0.0650051369863013,90.74339,8.175417195725961,0_b,26,2050002.0
1.0241135,0.9916906,0.5611784,0.22948958,0.65185577,0.0,1.0005134,0.48468718,,,1.0,36.033287,0.5278876,,8.852104390380017,1.2816558058783365,7.30191206583964,0.0,0.0,0.0691255707762557,90.04208,7.614238833642023,0_b,27,2179944.0
,1.0655081,0.20359296,0.20358905,0.65252495,0.0,0.99996555,0.70156974,,,1.0,33.022697,0.09913283,,9.055697348571895,1.2720174741186354,7.41011160417799,0.0,0.0,0.0712025938609842,89.79834,7.410645875450143,0_b,28,2245445.0
0.95605797,0.9085763,0.2880117,0.2880046,0.6538373,0.0,1.0001442,0.46715102,,,1.0,32.94407,0.097349346,,9.34370905599083,1.2721503617335632,7.533032435285352,0.0,0.0,0.0728824518011161,89.59199,7.12263416803121,0_b,29,2298421.0
0.87916464,1.1006907,0.33480105,0.33479962,0.6886099,0.0,1.0000843,0.41233543,,,1.0,33.57139,0.09913283,,9.67851011807457,1.2600204557381245,7.701369618629721,0.0,0.0,0.075357274226281,89.286674,6.78783310594747,0_b,30,2376467.0
1.0827819,1.1843559,0.38001466,0.38001254,0.6828587,0.0,0.9997717,0.39841595,,,1.0,37.06393,0.061408628,,10.05852476430406,1.2890272603693844,8.198709173796699,0.0,0.0,0.0771597856418061,88.82552,6.40781845971798,0_b,31,2433311.0
,1.0688734,0.19966267,0.19966267,0.67650414,0.0,1.0003498,0.7485842,,,1.0,35.312878,0.099122345,,10.258187430963655,1.295318707437951,8.800292796552927,0.0,0.0,0.0795959855403348,88.462296,6.208155793058385,0_b,32,2510139.0
0.89958745,1.1145823,0.30585814,0.30585316,0.49208647,0.0,1.0004358,0.63065267,,,1.0,33.324574,0.07327843,,10.564045558452198,1.3066626724285113,8.894985568958637,0.0,0.0,0.0811276319127346,88.14744,5.902297665569842,0_b,33,2558441.0
0.9608811,1.1379337,0.7837625,0.27987325,0.6334624,0.0,1.0000918,0.53056306,,,1.0,36.225746,0.6638447,,11.347808072202456,1.3379451141570238,9.75584563578252,0.0,0.0,0.0851549974632166,87.47654,5.118535151819584,0_b,34,2685448.0
,1.0053747,0.2337999,0.23379415,0.64931893,0.0,1.0004107,0.5528857,,,1.0,30.725132,0.07767881,,11.581607974168474,1.3409484288279208,9.845490337707153,0.0,0.0,0.0861290588533739,87.274254,4.884735249853566,0_b,35,2716166.0
0.9512548,0.918534,0.28600004,0.28599432,0.64004755,0.0,1.0002663,0.48560116,,,1.0,38.11986,0.02692589,,11.867608018271053,1.3545720977699252,9.905164702038975,0.0,0.0,0.087052701674277,87.13731,4.598735205750987,0_b,36,2745294.0
,0.90170693,0.090060584,0.090060465,0.64004755,0.033333335,0.8877423,0.999784,,,1.0,30.371082,0.09559423,,11.957668598852823,1.3516778859313867,10.054490404459454,0.0,0.0,0.0880417300862506,86.88214,4.508674625169217,0_b,37,2776484.0
0.97479075,1.0237526,0.39193597,0.39192072,0.64604676,0.0,1.0005155,0.41776875,,,1.0,36.274906,0.09913283,,12.349604576143744,1.3747925241948382,10.839096963727286,0.0,0.0,0.0903929477422628,86.547516,4.116738647878295,0_b,38,2850632.0
1.0818579,0.96760523,1.7910446,0.07976754,0.47786108,0.0,1.0004051,0.67467177,,,1.0,36.916866,1.6084838,,14.140649133265494,1.311862859525633,13.80930267794592,0.0,0.0,0.1157016742770167,82.75749,2.3256940907565458,0_b,39,3648768.0
0.9801133,1.0171264,0.3008013,0.3671511,0.5077848,0.0,1.000214,0.5893934,,,1.0,34.052845,0.09913283,,14.441450430968656,1.2775597905971503,14.528806846554348,0.0,0.0,0.1223678335870116,82.201706,2.024892793053384,0_b,40,3858992.0
,0.94628143,0.17457218,0.17456909,0.615962,0.0,1.0002067,0.7206909,,,1.0,34.957973,0.0069089485,,14.616022612243222,1.2637197503859527,14.566319939769896,0.0,0.0,0.1247789827498731,81.819824,1.8503206117788176,0_b,41,3935030.0
0.9714179,1.0300587,0.11960989,0.29206386,0.5812387,0.0,0.89759475,0.9998515,,,1.0,36.332775,0.093361735,,14.735632507545567,1.277765721107381,15.246944821209912,0.0,0.0,0.1263971334348046,81.561104,1.730710716476473,0_b,42,3986060.0
0.9624478,1.0705626,0.5714563,0.19466905,0.6173771,0.0,1.0001512,0.72228724,,,1.0,36.58895,0.68970954,,15.307088817663926,1.296739874489955,16.225892939276484,0.0,0.0,0.1308343163368848,80.727684,1.159254406358114,0_b,43,4125991.0
0.9320517,1.0878632,0.5924628,0.28104952,0.6697443,0.0,0.99967366,0.46473458,,,1.0,34.377655,0.34565613,,15.899551610100048,1.3069364783830997,16.396285654752415,0.0,0.0,0.1329442541856925,80.35087,0.5667916139219926,0_b,44,4192530.0
0.99336725,1.0171466,0.2728345,0.27282456,0.6571333,0.0,0.9995464,0.51159286,,,1.0,35.74154,0.0156979,,16.172386115715888,1.30589601569392,16.435184022071123,0.0,0.0,0.1346293125317098,80.1102,0.2939571083061523,0_b,45,4245670.0
0.8692663,1.0368079,0.2939571,0.2939509,0.6594411,0.0,1.0005467,0.4535671,,,1.0,33.599895,0.022510922,,16.46634322402204,1.3099750426975996,16.47930552617957,0.0,0.0,0.1355567605276509,79.922646,0.0,0_b,46,4274918.0
,1.0627888,0.22461185,0.22460482,0.6437323,0.0,1.0006361,0.64324874,,,1.0,36.436188,0.07438571,,16.690955076845935,1.3148341328960294,16.59844338740566,0.0,0.0,0.1368257864028412,79.71206,0.0,0_b,47,4314938.0
,0.9965226,0.1852434,0.18524113,0.66245574,0.0,0.99990356,0.73009837,,,1.0,32.954914,0.075942434,,16.87619846829272,1.3107741026999291,16.70903130577166,0.0,0.0,0.138474505327245,79.46458,0.0,0_b,48,4366932.0
1.1528915,0.97707886,0.30850255,0.058203485,0.64741236,0.0,1.0009705,0.6396293,,,1.0,34.586544,0.45885226,,17.184701037720885,1.3101881617889346,17.335470502475214,0.0,0.0,0.1415735350076103,78.95464,0.0,0_b,49,4464663.0
0.9459289,1.1849376,0.2535614,0.25356093,0.6385521,0.0,1.00154,0.52526414,,,1.0,33.521828,0.099122345,,17.43826245715162,1.3107653096440903,17.503991209922575,0.0,0.0,0.1430198186199898,78.82059,0.0,0_b,50,4510273.0
,1.0217359,0.23240754,0.23240301,0.65135586,0.0,0.99967295,0.61720353,,,1.0,35.73341,0.071448185,,17.670670001791724,1.3127003276236198,17.597709434564496,0.0,0.0,0.1445284753932014,78.62065,0.0,0_b,51,4557850.0
,1.0384015,0.23147826,0.23147368,0.4344273,0.0,0.9998493,0.72398186,,,1.0,33.738125,0.09478395,,17.902148265220994,1.3116167163097667,17.764025080881787,0.0,0.0,0.1467722602739726,78.22255,0.0,0_b,52,4628610.0
,0.9573874,0.08374476,0.08374476,0.4344273,0.033333335,0.81591153,0.9997837,,,1.0,36.833626,0.016176326,,17.985893025542182,1.3151188758934558,17.818505879301924,0.0,0.0,0.1472539320142059,78.12456,0.0,0_b,53,4643800.0
1.1700903,1.2428737,0.5150613,0.51503444,0.7199603,0.0,0.9995391,0.2931827,,,0.0,35.543922,0.099122345,,18.50095432805011,1.3069994758494383,18.39195907439032,0.0278397153668457,0.0,0.1519773909183155,77.43963,0.0,0_b,54,4792759.0
1.2122308,1.008682,0.27793682,0.27793568,0.4316902,0.0,1.0005897,0.7134267,,,0.033333335,35.876297,0.09913283,,18.778891135604898,1.3150309780520542,18.5399859647365,0.0274276739126182,0.0,0.1538933282597666,77.05918,0.0,0_b,55,4853180.0
1.0623537,0.979237,0.47936043,0.15663476,0.6497158,0.0,0.9989505,0.58112377,,,0.06666667,35.467808,0.48843798,,19.258251560043377,1.3221277339701136,19.07690439699012,0.026744967002953,0.0,0.1571251268391679,76.50902,0.0,0_b,56,4955098.0
,,0.33352843,0.333513,0.38276345,0.0,,0.4152316,,,0.0,29.48036,3.472162e-05,,0.3335284258910324,1.4539060309871,0.1386376620656493,0.0,0.0,0.0015880263825469,99.84651,12.868022785991837,1_b,0,50080.0
0.99408257,0.9165253,0.3248351,0.32482937,0.39951172,0.0,1.0008707,0.39130932,1.0,0.0,0.033333335,31.99083,0.09913283,,0.6583635107587975,1.0921996851235098,0.6556388479622546,0.0,0.0,0.0053288622526636,99.53515,12.543187701124072,1_b,1,168051.0
0.9814263,0.8946514,0.27287835,0.27287164,0.38358182,0.0,0.99885046,0.43374944,1.0,0.0,0.06666667,33.64077,0.09913283,,0.9312418614108005,1.1602015992319563,1.2232644955104843,0.0,0.0,0.0080974124809741,99.17742,12.270309350472068,1_b,2,255360.0
1.1712419,1.3415114,0.36701876,0.36700383,0.36146778,0.0,1.0003366,0.45624718,1.0,0.0,0.1,34.129696,0.092148624,,1.298260626274475,1.142995230062988,1.4632203479091348,0.0,0.0,0.0120320268899036,98.59569,11.903290585608394,1_b,3,379442.0
,0.96449244,0.15820637,0.15820025,0.53141266,0.0,1.0003146,0.3745007,1.0,0.0,0.13333334,30.842026,0.081889294,,1.4564670003792588,0.7884237105829456,1.5226244742877977,0.0,0.0,0.0194099441907661,98.062965,11.74508421150361,1_b,4,612112.0
1.1326603,1.1947875,1.5421333,0.35769054,0.4519916,0.0,0.9998605,0.30835605,1.0,0.0,0.16666667,33.909657,1.0885152,,2.9986002771791607,1.0153443056699345,2.3869552322739653,0.0,0.0,0.0280143328259766,96.804115,10.202950934703708,1_b,5,883460.0
,1.1449562,0.24768716,0.2476863,0.52637583,0.0,1.0013609,0.23410971,1.0,0.0,0.2,32.249245,0.099122345,,3.2462874415151703,1.0255864758728706,2.472906356696164,0.0,0.0,0.0297845636732623,96.53628,9.9552637703677,1_b,6,939286.0
0.9609535,0.82298416,0.3641354,0.36408097,0.54622513,0.0,0.9986039,0.14432167,1.0,0.0,0.23333333,28.341255,0.09079664,,3.610422844333482,1.0156954116413612,2.6287346869773907,0.0,0.0,0.0319553526128868,96.29707,9.591128367549388,1_b,7,1007744.0
,0.99284154,0.19742475,0.19742475,0.5458737,0.0,1.0003006,0.31573805,1.0,0.0,0.26666668,38.054287,0.045743197,,3.807847602408328,1.04605597963579,2.7024259871288683,0.0,0.0,0.0330198820395738,96.09899,9.393703609474542,1_b,8,1041315.0
,1.0480862,0.13418935,0.13418935,0.5319944,0.0,1.0000886,0.41256952,1.0,0.0,0.3,30.016321,0.09913283,,3.9420369496428713,0.8583494676733134,2.8131793748129077,0.0,0.0,0.0416715816844241,95.417336,9.259514262239998,1_b,9,1314155.0
,1.0072249,0.16934505,0.16934405,0.5505467,0.0,0.9994138,0.3696583,1.0,0.0,0.33333334,32.134445,0.099122345,,4.111382005447558,0.8526746799526749,2.895129963061705,0.0,0.0,0.0440899289700659,95.210495,9.090169206435313,1_b,10,1390420.0
1.2258745,1.0245974,0.55437756,0.21280943,0.5522876,0.0,1.0012891,0.22908022,1.0,0.0,0.36666667,38.580013,0.36681893,,4.665759550978375,0.7107559154934866,3.018881241407359,0.0,0.0,0.0606224315068493,93.52405,8.535791660904493,1_b,11,1911789.0
,0.7888677,0.19804552,0.19804552,0.5188554,0.0,0.99962395,0.25083062,1.0,0.0,0.4,28.194523,0.07760384,,4.863805073211066,0.7137802455467039,3.104127971935409,0.0,0.0,0.0619390220700152,93.30713,8.337746138671804,1_b,12,1953309.0
1.1123574,1.014234,0.26314732,0.2631442,0.56501323,0.0,0.9999133,0.25218153,1.0,0.0,0.43333334,38.987923,0.060428523,,5.126952396826541,0.7474918268264434,3.2091152038889166,0.0,0.0,0.0629015093860984,93.20382,8.074598815056328,1_b,13,1983662.0
1.0145417,1.0382394,0.36863723,0.3686262,0.6015338,0.0,1.0001135,0.15177765,1.0,0.0,0.46666667,31.09642,0.08242235,,5.49558961984021,0.7621402703609385,3.343323975149472,0.0,0.0,0.0642901763064434,92.956894,7.705961592042659,1_b,14,2027455.0
1.0689559,0.9962183,0.29994544,0.29993683,0.5258677,0.0,0.99945945,0.16742143,1.0,0.0,0.5,27.964663,0.07477243,,5.795535071030288,0.7485587525286289,3.41108828733033,0.0,0.0,0.0673675164890918,92.695305,7.406016140852581,1_b,15,2124502.0
,0.85425586,0.2214309,0.22142738,0.5531445,0.0,0.9991003,0.2363573,1.0,0.0,0.53333336,28.235397,0.09916428,,6.016965971445292,0.7380779690326674,3.533832574933486,0.0,0.0,0.0700254312531709,92.440445,7.184585240437577,1_b,16,2208322.0
1.2051334,0.9957433,0.28855386,0.28855008,0.5445191,0.0,0.99924314,0.18902968,1.0,0.0,0.56666666,32.755215,0.09913283,,6.305519839261531,0.7470513378862731,3.6438182912207178,0.0,0.0,0.0720540969051243,92.243935,6.896031372621338,1_b,17,2272298.0
,0.9338862,0.22708154,0.22707023,0.41197693,0.0,1.0010632,0.4605708,1.0,0.0,0.6,37.247704,0.09913283,,6.532601375731448,0.7869630259532129,4.276957705592166,0.0,0.0,0.0742082064941654,91.87148,6.668949836151421,1_b,18,2340230.0
,0.97284156,0.19450943,0.19450521,0.52701014,0.0,0.9983959,0.31026158,1.0,0.0,0.6333333,35.539013,0.09913283,,6.727110809596372,0.7867566598146415,4.400482756787515,0.0,0.0,0.0770821600710299,91.498695,6.474440402286497,1_b,19,2430863.0
1.4695601,1.1467041,0.36747587,0.36746743,0.5656458,0.0,1.0001856,0.16424341,1.0,0.0,0.6666667,36.52388,0.099122345,,7.094586677615995,0.7993986573086607,4.503166017803871,0.0,0.0,0.0800820966514459,91.18,6.106964534266874,1_b,20,2525469.0
1.1468184,1.2378376,0.30285463,0.30285192,0.5845461,0.0,1.0001719,0.19450584,1.0,0.0,0.7,32.00753,0.099122345,,7.397441302291899,0.7974911373421052,4.58357285652561,0.0,0.0,0.0830410958904109,90.76632,5.80410990959097,1_b,21,2618784.0
1.1384594,1.032765,0.3018415,0.30182472,0.5571031,0.0,1.0012956,0.21888901,1.0,0.0,0.73333335,39.802452,0.051970728,,7.6992827921116,0.7915697119463363,4.642550895811436,0.0,0.0,0.0879360096397767,90.29633,5.502268419771269,1_b,22,2773150.0
1.1660693,0.9996058,0.2848192,0.28481814,0.56324637,0.0,0.9984824,0.19593373,1.0,0.0,0.76666665,34.16719,0.04052195,,7.984101974630172,0.7382884889168707,4.70236514281781,0.0,0.0,0.0968616184677828,89.38137,5.217449237252697,1_b,23,3054628.0
1.1490468,1.0735465,0.5605083,0.2925578,0.566754,0.0,0.99910265,0.23936826,1.0,0.0,0.8,38.12298,0.4008945,,8.544610297603777,0.7495769170474711,5.087386631356813,0.0,0.0,0.1041398718924403,88.4603,4.656940914279092,1_b,24,3284155.0
1.1464688,1.2488762,0.342646,0.3426343,0.5870691,0.0,0.9999262,0.17424935,1.0,0.0,0.8333333,37.487904,0.04429374,,8.887256314869608,0.7508159340880065,5.172374472745067,0.0,0.0,0.1077346524606798,87.88709,4.31429489701326,1_b,25,3397520.0
1.1226716,1.2004951,0.30949444,0.30946735,0.56153506,0.0,0.9991888,0.20383309,1.0,0.0,0.8666667,36.549133,0.09916428,,9.196750760215926,0.7650274606559613,5.260771195872659,0.0,0.0,0.1101497653475393,87.535645,4.004800451666943,1_b,26,3473683.0
1.0614645,0.94727206,0.3173835,0.31735176,0.4311675,0.0,1.0000648,0.38078284,1.0,0.0,0.9,36.29758,0.09914331,,9.514134264960518,0.7797616650196544,6.235543161391916,0.0,0.0,0.1151270611364789,86.95485,3.687416946922351,1_b,27,3630647.0
,1.0480118,0.248006,0.247999,0.53944176,0.0,1.0003245,0.22512199,1.0,0.0,0.93333334,34.539528,0.022680653,,9.762140266802174,0.7822045145746762,6.301575251293709,0.0,0.0,0.1168830225773718,86.617905,3.439410945080695,1_b,28,3686023.0
1.0992292,0.9973003,0.25170806,0.25170726,0.5269618,0.0,0.9987241,0.2053358,1.0,0.0,0.96666664,32.535202,0.09914331,,10.013848323947965,0.7479052229824767,6.484363845514268,0.0,0.0,0.1246300101471334,85.84267,3.187702887934904,1_b,29,3930332.0
1.400204,1.0867591,1.4421569,0.38811892,0.5030231,0.0,1.0004088,0.27855217,1.0,0.0,1.0,40.51545,0.9708315,,11.456005203324128,0.8210681077426516,7.620108162281095,0.0,0.0,0.1352361428209031,83.99191,1.7455460085587422,1_b,30,4264807.0
1.235185,1.0916667,1.1767455,0.29738086,0.49683028,0.0,0.9988199,0.2894631,1.0,0.0,1.0,37.97205,0.9016658,,12.632750784470574,0.8116353809994673,9.064413227589334,0.0,0.0,0.1548404046169457,81.28885,0.5688004274122953,1_b,31,4883047.0
,0.9893425,0.38299248,0.18268687,0.52384657,0.0,0.9992655,0.34009337,1.0,0.0,1.0,41.682964,0.31204435,,13.015743260190929,0.8162896951770895,9.622665389149724,0.0,0.0,0.1618762049720953,80.1783,0.1858079516919417,1_b,32,5104928.0
,0.92920125,0.18580796,0.18579596,0.512562,0.0,0.9985049,0.29432505,1.0,0.0,1.0,36.597218,0.0045037316,,13.201551211882869,0.8086463373951884,9.649258522784285,0.0,0.0,0.1653155758498224,79.61324,0.0,1_b,33,5213392.0
1.3748386,1.0119427,0.21658541,0.29752123,0.3472084,0.0,0.99854374,0.5424768,1.0,0.0,1.0,42.875103,0.09913283,,13.418136627939033,0.8408256401984129,10.58233976038065,0.0,0.0,0.167501902587519,79.22959,0.0,1_b,34,5282340.0
1.4687611,1.2133336,0.80821496,0.14179775,0.55386305,0.0,1.0000012,0.2210005,1.0,0.0,1.0,38.50009,0.65734005,,14.226351560943003,0.8699985259969917,11.01531459959508,0.0,0.0,0.1714879502790461,78.22686,0.0,1_b,35,5408044.0
,1.034271,0.2238628,0.22384913,0.56352264,0.0,0.99983186,0.28987926,1.0,0.0,1.0,38.597717,0.09917476,,14.450214352011695,0.877079367662917,11.202341469847962,0.0,0.0,0.1733227422628107,77.988914,0.0,1_b,36,5465906.0
1.464293,1.3867531,0.8708062,0.2282525,0.5182375,0.0,0.99917173,0.30643693,1.0,0.0,1.0,39.112904,0.81993276,,15.321020540843554,0.888436940676939,12.44296793577547,0.0,0.0,0.1843307014205986,76.26049,0.0,1_b,37,5813053.0
1.469325,1.1172469,1.9658298,0.36955795,0.43087888,0.0,0.99897844,0.4089004,1.0,0.0,1.0,42.093132,1.3822032,,17.28685036408942,0.9378111385098484,14.249706650642326,0.0,0.0,0.2094282407407407,71.85918,0.0,1_b,38,6604529.0
1.1713393,1.0432302,0.6634628,0.15718146,0.52918655,0.0,0.99988246,0.26454926,1.0,0.0,1.0,38.05836,0.56909454,,17.95031319564735,0.900965131952927,14.629433156350231,0.0,0.0,0.2256108257229832,69.3087,0.0,1_b,39,7114863.0
,1.0804358,0.37553996,0.13467379,0.5127118,0.0,0.99994504,0.3134293,1.0,0.0,1.0,38.458817,0.39607704,,18.32585315878764,0.8989038716296551,15.11226798022623,0.0,0.0,0.2317410578386605,68.481926,0.0,1_b,40,7308186.0
1.2702825,1.0824498,0.30991632,0.30989093,0.44600922,0.0,1.0001217,0.41469324,1.0,0.0,1.0,45.70091,0.09913283,,18.63576947472351,0.9283132029323612,15.864532001338176,0.0,0.0,0.2337305936073059,67.91232,0.0,1_b,41,7370928.0
1.1315708,1.1447047,0.69997627,0.25805506,0.57427377,0.0,0.9993116,0.1955632,1.0,0.0,1.0,39.95621,0.45578995,,19.335745769627277,0.9379950844246322,16.027979967980663,0.0,0.0,0.2392256468797564,67.02225,0.0,1_b,42,7544220.0
1.2220571,1.2126746,0.6644192,0.3236048,0.48586518,0.0,0.9987333,0.3178044,1.0,0.0,1.0,44.40295,0.56127447,,20.000164960358124,0.977572805358954,17.272357581781822,0.0,0.0,0.2423685946220193,66.023,0.0,1_b,43,7643336.0
1.3100082,1.1186968,0.4493318,0.3375268,0.37912956,0.0,0.9991454,0.54411954,1.0,0.0,1.0,43.420963,0.32670245,,20.449496761375123,0.999635369668308,18.11203963824192,0.0,0.0,0.2480249873160832,64.88165,0.0,1_b,44,7821716.0
1.2125664,1.0809476,0.37651268,0.2834871,0.5293091,0.0,0.99946094,0.3512287,1.0,0.0,1.0,43.1977,0.14404021,,20.826009445103484,1.0093903920373168,18.172904889146785,0.0,0.0,0.2504190131912734,64.33448,0.0,1_b,45,7897214.0
,1.261381,0.24328828,0.24328098,0.5316927,0.0,0.998946,0.24853306,1.0,0.0,1.0,37.61032,0.099122345,,21.06929772420305,1.0099625675037356,18.31929216269599,0.0,0.0,0.2530517820903095,63.905476,0.0,1_b,46,7980241.0
1.1831454,1.1638639,1.2445511,0.17583539,0.5003615,0.0,1.0003517,0.32656208,1.0,0.0,1.0,44.908543,1.0829384,,22.313848755360212,1.0637530399160555,20.633756476455314,0.0,0.0,0.2640416666666667,61.289173,0.0,1_b,47,8326818.0
,,0.53753114,0.25968945,0.5143004,0.0,,0.42866465,,,1.0,45.21332,0.48271188,,0.5375311227131643,1.9349466150029584,1.59381148333525,0.0,0.0,0.0053921549974632,99.461494,20.55694364288677,2_b,0,170047.0
1.1343036,1.0747626,0.97047883,0.28509006,0.50692713,0.0,1.0001761,0.5813799,,,1.0,42.310726,0.8934911,,1.5080099524713388,2.2066749777076584,3.263292045894861,0.0,0.0,0.0126584855403348,98.59216,19.5864648131286,2_b,1,399198.0
1.1040467,1.4829011,1.1891537,0.36627057,0.48048922,0.0,1.000791,0.4477263,,,1.0,45.850582,0.8360393,,2.6971635743884246,2.3134889234558838,4.608652694855468,0.0,0.0,0.0208883498224251,97.36377,18.397311191211514,2_b,2,658735.0
1.2979989,1.7288678,1.1243145,0.40831065,0.45861837,0.0,0.99963474,0.3883761,,,1.0,43.964417,0.85210276,,3.821478112315528,2.2232445013001207,6.513807805658086,0.0,0.0,0.0301342909690512,95.99594,17.27299665328441,2_b,3,950315.0
1.0160891,1.1440799,0.82483166,0.21546383,0.50211596,0.0,1.0000159,0.44692147,,,1.0,45.500034,0.8202284,,4.646309781738235,2.4252188309658638,9.177672193943735,0.0,0.0,0.0350328196347032,95.05691,16.4481649838617,2_b,4,1104795.0
1.2345952,1.236904,0.9269373,0.08631364,0.46303326,0.0,1.0003608,0.5222618,,,1.0,44.614994,0.9507011,,5.573247050969558,2.148487849842925,11.581996308394016,0.0,0.0,0.0487746702181633,93.56517,15.52122771463038,2_b,5,1538158.0
1.8731688,0.7561569,0.76735973,0.28321162,0.41941965,0.0,1.000118,0.53361917,,,1.0,43.575768,0.7690467,,6.340606798151358,2.1096730009927294,12.75038685255222,0.0,0.0,0.056810533992897,92.72085,14.75386796744858,2_b,6,1791577.0
,0.8480005,0.4482336,0.2243315,0.5323613,0.0,0.9998498,0.45676517,,,1.0,41.17655,0.34451684,,6.788840398134544,2.117485371272769,13.119465631019152,0.0,0.0,0.0595191527143581,92.35842,14.305634367465393,2_b,7,1876996.0
,0.7245429,0.091969,0.091969,0.5323613,0.033333335,0.8772172,0.9997029,,,1.0,33.988197,0.09913283,,6.880809397312832,1.9688927077513023,13.2551662736322,0.0,0.0,0.0647822171486555,92.005684,14.213665368287106,2_b,8,2042972.0
0.8446378,0.70209396,0.26053694,0.26053694,0.5390013,0.0,1.0005697,0.34027594,,,1.0,34.23654,0.098251976,,7.141346334047713,1.8854214111464096,13.426916303810412,0.0,0.0,0.0687333840690005,91.8384,13.953128431552225,2_b,9,2167576.0
,3.8503976,0.03973134,0.03973134,0.5390013,0.033333335,0.46977603,0.9995745,,,1.0,31.809633,0.069495834,,7.181077674461435,1.6417289502964734,13.584312142691273,0.0,0.0,0.0793762049720953,91.20053,13.913397091138505,2_b,10,2503208.0
,0.8687275,0.7290392,0.22791494,0.5446979,0.0,1.0000839,0.54549956,,,1.0,41.4892,0.63799655,,7.910116840690449,1.5682498030495873,14.4150225488242,0.0,0.0,0.0896478627600202,90.31568,13.184357924909488,2_b,11,2827135.0
1.167855,1.4434835,0.4602172,0.46019754,0.57667136,0.0,1.0005108,0.2510303,,,1.0,41.567562,0.099122345,,8.370334042193871,1.431016704873559,15.096625075876736,0.0,0.0,0.1030492135971588,89.54365,12.724140723406066,2_b,12,3249760.0
1.108322,1.3640113,0.4348716,0.43486518,0.57381153,0.0,1.0006397,0.21372259,,,1.0,33.5104,0.099122345,,8.805205662836844,1.4000712408561975,15.243754630729402,0.0,0.0,0.1071136796042618,89.36313,12.289269102763091,2_b,13,3377937.0
0.9444488,1.198069,0.6416707,0.2669527,0.5361154,0.0,1.0001568,0.3243365,,,1.0,42.055218,0.46629304,,9.446876380283248,1.412795590865228,16.111072278241178,0.0,0.0,0.1118754756468797,88.75896,11.64759838531669,2_b,14,3528105.0
0.9987318,1.2729913,0.5320097,0.33126962,0.5445418,0.0,1.0004051,0.3808421,,,1.0,40.74903,0.2899278,,9.978886115198096,1.40390250696248,16.317511402882925,0.0,0.0,0.1167906519533231,88.421036,11.11558865040184,2_b,15,3683110.0
,0.8880338,0.18512554,0.18512554,0.54171205,0.0,1.0000265,0.467163,,,1.0,33.280113,0.0076213465,,10.164011652415429,1.4061564635856767,16.34570806859731,0.0,0.0,0.1173688483003551,88.25983,10.93046311318451,2_b,16,3701344.0
,0.9372747,0.22956795,0.22956795,0.5587234,0.0,1.0004568,0.45376638,,,1.0,35.635452,0.099153794,,10.393579603516928,1.371953152047882,16.715188170350128,0.0,0.0,0.1226611491628614,87.87061,10.70089516208301,2_b,17,3868242.0
1.2620333,1.5468602,0.41047144,0.41046742,0.57400376,0.0,1.0004424,0.23626332,,,1.0,36.286953,0.099122345,,10.804051053659729,1.33949133560148,16.81245284342151,0.0,0.0,0.1280505136986301,87.61032,10.290423711940209,2_b,18,4038201.0
0.99534094,1.229778,0.9270614,0.2639975,0.5517635,0.0,0.99968135,0.327676,,,1.0,40.063995,0.6280406,,11.731112410850884,1.3344466444518974,17.444971261105223,0.0,0.0,0.1357465119228817,86.81841,9.363362354749052,2_b,19,4280902.0
1.1032168,1.3664263,1.049272,0.19348633,0.55227244,0.0,1.0002896,0.2789295,,,1.0,39.28274,0.62357754,,12.78038433401892,1.3460086076445308,17.835227803819407,0.0,0.0,0.1410907534246575,86.21857,8.314090431581016,2_b,20,4449438.0
,0.77756435,0.12133824,0.12133824,0.58212453,0.0,1.0004258,0.7177075,,,1.0,29.702372,0.07030528,,12.901722577641756,1.341086704342135,17.95518756229609,0.0,0.0,0.142300640537798,86.07159,8.192752187958181,2_b,21,4487593.0
0.92069423,1.1614206,0.35988334,0.3598815,0.55629927,0.0,1.000079,0.23651405,,,1.0,30.127356,0.099122345,,13.26160590173515,1.3260864539905957,18.0699483909937,0.0,0.0,0.145199137493658,85.965836,7.832868863864787,2_b,22,4579000.0
0.8726324,0.8838306,0.48989242,0.18555136,0.54828084,0.0,1.0000596,0.395404,,,1.0,40.565327,0.3999406,,13.751498324187416,1.2811675955371722,18.830682453107,0.0,0.0,0.1550217529173008,85.414024,7.342976441412521,2_b,23,4888766.0
0.8991802,1.1339265,0.6699894,0.19176233,0.56207633,0.0,1.0008427,0.30092254,,,1.0,36.08597,0.45414504,,14.421487760221908,1.226725687000121,18.97270044102703,0.0,0.0,0.1662413749365804,84.844536,6.67298700537803,2_b,24,5242588.0
1.0997382,1.3543503,0.69464386,0.39066228,0.5495197,0.0,1.0005975,0.2821835,,,1.0,36.71458,0.3952199,,15.116131641298994,1.22859321188146,19.45242565580204,0.0,0.0,0.170988140537798,84.53313,5.978343124300944,2_b,25,5392282.0
0.8792673,0.8699769,0.26044747,0.26044747,0.53932023,0.0,1.0007077,0.3494711,,,1.0,36.74512,0.033282533,,15.376579101198333,1.1862792172085748,19.596730984505427,0.0,0.0,0.1788089167935058,84.064644,5.717895664401604,2_b,26,5638918.0
,0.75674504,0.24065861,0.24065861,0.53532165,0.0,0.99975085,0.33049533,,,1.0,30.157883,0.07292341,,15.61723771369599,1.128578665855737,19.74703718915548,0.0,0.0,0.189072234906139,83.55636,5.477237051903947,2_b,27,5962582.0
0.9239038,1.1108109,0.3723861,0.37238327,0.5808805,0.0,1.0003521,0.27621606,,,1.0,37.053772,0.09914331,,15.989623800187111,1.1352986746163956,19.86624065451744,0.0,0.0,0.1907258054287164,83.44961,5.104850965412826,2_b,28,6014729.0
1.0063453,1.2618151,0.42913443,0.4291277,0.56695503,0.0,1.0005119,0.24347422,,,1.0,39.44515,0.029749813,,16.418758226095033,1.1399677740822125,19.956699740343804,0.0,0.0,0.192968639015728,83.261154,4.675716539504904,2_b,29,6085459.0
,0.82129455,0.13176917,0.13176917,0.54086,0.0,1.0005397,0.71140236,,,1.0,36.675945,0.07326767,,16.550527389935482,1.1343205784364252,20.150798488556067,0.0,0.0,0.1955394152714358,82.981636,4.543947375664455,2_b,30,6166531.0
0.8949369,1.2577878,1.3754581,0.40235823,0.50724715,0.0,0.99984944,0.29393092,,,1.0,33.4372,0.6806094,,17.925985552685823,1.121453768245165,20.50528828655988,0.0,0.0,0.2055290778792491,82.176636,3.168489212914114,2_b,31,6481565.0
0.87104785,1.117465,0.369348,0.36934766,0.5615044,0.0,0.9996538,0.2779258,,,1.0,37.003914,0.09914331,,18.2953335445202,1.1155494548524854,20.6442398971628,0.0,0.0,0.2094201547437849,81.993774,2.7991412210797364,2_b,32,6604274.0
1.1527439,1.0166218,0.41756606,0.4175621,0.5701811,0.0,1.0005583,0.24521638,,,1.0,40.158894,0.035731282,,18.712899594966448,1.1147162896335483,20.718504230125244,0.0,0.0,0.2125072932521562,81.735146,2.3815751706334893,2_b,33,6701630.0
0.99190414,1.2330619,0.72027713,0.21678059,0.5554797,0.0,1.0001915,0.24962053,,,1.0,31.381674,0.3966143,,19.4331767414935,1.1144599111508928,20.79323790219825,0.0,0.0,0.2154810692541857,81.36402,1.6612980241064363,2_b,34,6795411.0
,0.9054282,0.23356724,0.23356721,0.45803913,0.0,0.9997986,0.36347598,,,1.0,27.731276,0.099122345,,19.666743972083378,1.0747835002000925,21.157804640901286,0.0,0.0,0.2251217021816337,81.07231,1.4277307935165595,2_b,35,7099438.0
,0.7705043,0.24118415,0.24118415,0.5006986,0.0,1.0002656,0.31538373,,,1.0,29.716877,0.099122345,,19.90792812214891,1.0556888599222225,21.31749720956049,0.0,0.0,0.2304635020294267,80.85939,1.1865466434510274,2_b,36,7267897.0
0.86939126,1.1171471,0.28893918,0.28893837,0.55248404,0.0,0.9999701,0.33987448,,,1.0,36.090385,0.09914331,,20.196867298101655,1.0485466358907105,21.459754874513138,0.0,0.0,0.2343512176560122,80.64122,0.897607467498279,2_b,37,7390500.0
1.1459805,1.4206932,0.5587004,0.13989554,0.5494873,0.0,0.99982476,0.34465975,,,1.0,35.899452,0.37832543,,20.755567674140167,1.018331280688889,21.578216213227016,0.0,0.0,0.2454046169457128,80.00361,0.3389070914597702,2_b,38,7739080.0
0.9614556,1.2175188,0.3389071,0.33890563,0.5476511,0.0,0.99983156,0.2523591,,,1.0,29.570385,0.09913283,,21.094474765599937,1.0011966613765877,21.661350107487785,0.0,0.0,0.2513013381532217,79.78708,0.0,2_b,39,7925039.0
,0.81647897,0.16760418,0.16760418,0.55467486,0.0,1.0000099,0.52623755,,,1.0,25.05508,0.09914331,,21.262078945311615,0.9946367972741632,21.72147467022346,0.0,0.0,0.253937531709792,79.62626,0.0,2_b,40,8008174.0
,0.78079283,0.15205063,0.15205063,0.47412318,0.0,1.0000736,0.44502944,,,1.0,23.566328,0.019564308,,21.414129578515357,0.9945225330483152,21.743707648844584,0.0,0.0,0.2544762810755961,79.57098,0.0,2_b,41,8025164.0
1.0666217,1.3001826,0.73635215,0.29247013,0.41978124,0.0,1.0000576,0.43690148,,,1.0,31.935995,0.6074859,,22.150481704240036,0.9826568575167992,22.04001490289588,0.0,0.0,0.2632331621004566,79.151215,0.0,2_b,42,8301321.0
,0.8476892,0.17041884,0.17305222,0.49605447,0.0,1.0001249,0.5747116,,,1.0,31.24535,0.099122345,,22.320900545283195,0.9645653542158994,22.361287416473527,0.0,0.0,0.2704485350076103,78.75489,0.0,2_b,43,8528865.0
1.1071366,1.3726895,0.38609233,0.38607785,0.5698407,0.0,0.999847,0.24574696,,,1.0,31.11408,0.09913283,,22.70699287673493,0.955014143497782,22.421743373741062,0.0,0.0,0.2756479895991882,78.59489,0.0,2_b,44,8692835.0
,0.8400016,0.23593855,0.23593855,0.5189318,0.0,0.99993026,0.3466026,,,1.0,27.135014,0.099122345,,22.94293142846613,0.9353315894663594,22.503505363966937,0.0,0.0,0.2827875761035007,78.34312,0.0,2_b,45,8917989.0
1.5660061,1.8790895,0.46125987,0.4612569,0.5733048,0.0,1.0001167,0.19453862,,,1.0,33.105247,0.099122345,,23.404191313080634,0.9134839745509096,22.637517483125627,0.0,0.0,0.2923005771182141,77.91015,0.0,2_b,46,9217991.0
0.8686472,1.1014507,0.42289907,0.42289522,0.529015,0.0,1.0003879,0.1799892,,,1.0,23.101902,0.08627326,,23.82709038965981,0.8973345159519772,22.691460428337844,0.0,0.0,0.2988549911212582,77.66316,0.0,2_b,47,9424691.0
0.8024307,1.0325263,0.2841143,0.28411388,0.49164483,0.0,1.0008302,0.24237467,,,1.0,23.746408,0.028715674,,24.111204688837645,0.8923172266709778,22.72592041240162,0.0,0.0,0.3013892376966007,77.50884,0.0,2_b,48,9504611.0
,0.8396276,0.21345587,0.21345587,0.52951074,0.0,1.0003796,0.41809657,,,1.0,29.462397,0.099122345,,24.32466056416264,0.892449425968914,22.80708625361119,0.0,0.0,0.3029384195839675,77.41509,0.0,2_b,49,9553466.0
0.8008448,0.82761335,0.29655495,0.29655495,0.5261499,0.0,1.000148,0.2500579,,,1.0,22.592022,0.09913283,,24.621215502394268,0.8850248963301779,22.87479412769977,0.0,0.0,0.3064943239472349,77.29064,0.0,2_b,50,9665605.0
,0.9325677,0.19259575,0.19259575,0.560662,0.0,1.0005078,0.49858454,,,1.0,28.769178,0.09913283,,24.81381124506285,0.8854191323921512,22.942277759561343,0.0,0.0,0.3080153475393201,77.199356,0.0,2_b,51,9713572.0
,0.889878,0.24927141,0.24927141,0.53824186,0.0,1.0008272,0.32883677,,,1.0,29.231815,0.042243205,,25.063082657415293,0.886801586460044,22.99762014981757,0.0,0.0,0.3087959791983765,77.12089,0.0,2_b,52,9738190.0
0.951353,1.192322,0.7739122,0.3684829,0.541863,0.0,1.0006437,0.20754442,,,1.0,26.939367,0.3727203,,25.836994858784504,0.8772131101473611,23.417505643126816,0.0,0.0,0.316105530187722,76.779015,0.0,2_b,53,9968704.0
,0.8572927,0.117898814,0.117898814,0.52248216,0.0,0.9998176,0.73426765,,,1.0,31.322456,0.09913283,,25.954893672750497,0.8730606983461313,23.547042445769424,0.0,0.0,0.3190202625570776,76.63434,0.0,2_b,54,10060623.0
,,0.578264,0.113269106,0.5609857,0.0,,0.754184,,,1.0,41.78639,0.50124514,,0.5782640002571234,3.475817538694183,0.0960346117725434,0.0,0.0,0.0023250570776255,99.578156,9.696703633935858,3_b,0,73323.0
,0.74453586,0.12102074,0.12101298,0.48621622,0.0,1.0007238,0.9402115,,,1.0,32.61348,0.019450804,,0.6992847433936011,3.126900721302444,0.1435664309466501,0.0,0.0,0.0029271943176052,99.48754,9.57568289079938,3_b,1,92312.0
,1.0856695,0.5445397,0.18403168,0.5564273,0.0,0.8752603,0.8918543,,,1.0,41.49589,0.70630676,,1.2438244156325426,2.700131054050638,1.608653490458389,0.0,0.0,0.007785039320142,98.71342,9.031143218560436,3_b,2,245509.0
0.9796736,1.1481737,0.25628522,0.2562418,0.55862004,0.0,0.9981655,0.6338121,,,1.0,37.403584,0.099122345,,1.5001096213358331,2.3067105662500254,1.741432033484223,0.0,0.0,0.0105494672754946,98.40053,8.774858012857148,3_b,3,332688.0
,0.7364322,0.08583691,0.08583339,0.55862004,0.033333335,0.8521324,0.99885863,,,1.0,30.86342,0.06270307,,1.5859465335488685,2.2657173885010518,1.83779901164024,0.0,0.0,0.0111802384576357,98.190704,8.689021100644112,3_b,4,352580.0
,1.0512629,0.17871594,0.17870317,0.27532977,0.0,1.0025357,0.9558307,,,1.0,39.482277,0.099122345,,1.7646624780460698,2.3114090845633206,2.4433930640506007,0.0,0.0,0.0139939117199391,97.724205,8.510305156146911,3_b,5,441312.0
,0.94161826,0.1556258,0.18968122,0.58008355,0.0,0.9990538,0.9592346,,,1.0,43.998577,0.048238866,,1.920288278818204,2.487362282234397,3.7925696758095815,0.0,0.0,0.0156378424657534,97.46563,8.354679355374778,3_b,6,493155.0
,0.81956106,0.079275146,0.07925752,0.58008355,0.033333335,0.7003109,0.99977255,,,1.0,33.768833,0.04694764,,1.9995634250838588,2.1345054843723137,3.8894159672836737,0.0,0.0,0.018783009893455,97.01214,8.275404209109123,3_b,7,592341.0
1.1832529,1.2188674,0.35057533,0.3504477,0.6260379,0.0,1.0007383,0.57493174,,,1.0,41.111286,0.099122345,-0.3832157,2.350138755285069,2.2235158469209764,4.522257418547527,0.0,0.0,0.0216384449518011,96.51871,7.924828878907911,3_b,8,682390.0
,0.77817553,0.07484845,0.07484747,0.6260379,0.033333335,0.59040153,0.99976355,,,1.0,31.029287,0.07962596,,2.424987205985539,2.2058635488403966,4.6437687626882616,0.0,0.0,0.0222645547945205,96.39293,7.8499804282074415,3_b,9,702135.0
,0.9564804,0.16775596,0.16773516,0.55480635,0.0,1.0011852,0.881544,,,1.0,36.24884,0.09913283,,2.5927431634535734,2.105638306102566,4.861957438802208,0.0,0.0,0.0243883815322171,96.18793,7.682224470739408,3_b,10,769112.0
,1.0450567,0.18902844,0.18900852,0.54200846,0.0,1.0010959,0.83602756,,,1.0,36.902767,0.09916428,,2.7817716080955006,2.008609234415449,5.001828933018557,0.0,0.0,0.0269174594114662,95.905876,7.493196026097481,3_b,11,848869.0
1.0408759,0.79359764,0.24666744,0.16650774,0.37459224,0.0,0.79197824,0.8847494,,,1.0,40.19454,0.5351184,,3.0284390587562333,2.0509720010670622,6.618922126320205,0.0,0.0,0.0305053906646372,95.21321,7.246528575436748,3_b,12,962018.0
1.12221,1.0685332,1.271952,0.3475581,0.52663726,0.0,1.0009022,0.6663939,,,1.0,42.465096,1.1103601,-0.4022529,4.30039105453082,2.3148316640815736,9.593799860545168,0.0,0.0,0.0384240233384069,93.45891,5.974576579662161,3_b,13,1211740.0
,0.95188415,0.2337014,0.101694226,0.34159258,0.0,0.8950777,0.9997782,,,1.0,42.399525,0.4407384,,4.534092442084763,2.3754577251881703,9.861822342204158,0.0,0.0,0.0405997907153729,93.01759,5.740875192108218,3_b,14,1280355.0
,0.83785826,0.23382334,0.23380812,0.36647975,0.0,1.0020673,0.83623517,,,1.0,42.29882,0.099122345,,4.767915782224502,2.4057463441401734,10.231339803766373,0.0,0.0,0.0430787671232876,92.66112,5.507051851968479,3_b,15,1358532.0
,0.9429787,0.21142079,0.21140802,0.558783,0.0,1.0007921,0.84452397,,,1.0,42.10577,0.003546943,,4.979336575731447,2.347661130434806,10.718717087480044,0.0,0.0,0.0464448249619482,91.98642,5.295631058461534,3_b,16,1464684.0
,0.9479773,0.45657134,0.21550049,0.56022954,0.0,1.0012685,0.75652003,,,1.0,43.149315,0.35332674,,5.435907920917273,2.384877257593967,11.028291577823152,0.0,0.0,0.0489011605783866,91.51828,4.839059713275708,3_b,17,1542147.0
,0.86613303,0.52309316,0.0784143,0.35810325,0.0,1.0008358,0.8729847,,,1.0,40.675457,0.9441761,,5.95900110657532,2.396809808629269,12.922492662726883,0.0,0.0,0.0550112252663622,90.33636,4.315966527617661,3_b,18,1734834.0
,0.90890396,0.07037689,0.07036936,0.35810325,0.033333335,0.60444593,0.99977845,,,1.0,37.0901,0.099153794,,6.029377994193564,2.3521123461090587,13.151126440228175,0.0,0.0,0.0568411339421613,90.12114,4.245589639999417,3_b,19,1792542.0
,0.8619344,0.09795208,0.097947106,0.35810325,0.06666667,0.8114746,0.999812,,,1.0,35.178955,0.0023121398,,6.127330077985963,2.350253263370241,13.180055618295594,0.0,0.0,0.0573516298833079,90.03817,4.147637556207018,3_b,20,1808641.0
,0.91474783,0.24337329,0.060492825,0.3008965,0.0,1.0014722,0.9048823,,,1.0,40.77831,0.564294,,6.3707033670098925,2.375562190441621,13.554760331041846,0.0,0.0,0.060130834601725,89.501976,3.904264267183089,3_b,21,1896286.0
,0.9183257,0.07582266,0.075814635,0.3008965,0.033333335,0.6310218,0.9998175,,,1.0,36.172905,0.10366116,,6.44652602335107,2.3245634822116044,13.770613419131877,0.0,0.0,0.0623092338914256,89.286446,3.828441610841911,3_b,22,1964984.0
,1.0207466,0.12009854,0.12706344,0.27235255,0.0,0.7900596,0.9999169,,,1.0,37.53116,0.08040589,,6.566624564166774,2.082305711025923,13.916035670735823,0.0,0.0,0.0711785261288685,88.28502,3.7083430700262072,3_b,23,2244686.0
1.1979822,0.8676154,0.14113945,0.2671087,0.55975986,0.0,1.0010682,0.9931837,,,1.0,43.882015,0.102032065,,6.707764017800577,2.058953009269552,15.895618358128418,0.0,0.0,0.0760016171993911,87.80195,3.567203616392404,3_b,24,2396787.0
,1.0694331,0.390527,0.19681013,0.5672563,0.0,0.5796719,0.9043596,,,1.0,41.89768,0.4307071,,7.09829103221496,2.065748541140388,16.484097481729734,0.0,0.0,0.0793291159309994,87.0446,3.176676601978021,3_b,25,2501723.0
,1.1377243,0.22024602,0.18721803,0.6020015,0.0,0.2727281,0.941782,,,1.0,39.68614,0.26933774,,7.318537054070797,2.011211366128446,17.533509737963303,0.0,0.0,0.0849288432267884,86.29819,2.956430580122184,3_b,26,2678316.0
,0.9670866,0.4785009,0.118169986,0.50862914,0.0,1.0019828,0.90990305,,,1.0,44.954174,0.5710907,,7.797037952359941,1.9919660581873373,18.448410990301607,0.0,0.0,0.0924556062912227,84.82154,2.4779296818330403,3_b,27,2915680.0
,0.92682195,1.0487646,0.10837851,0.5642287,0.0,1.0019075,0.8248666,,,1.0,42.568283,1.0548925,,8.845802566105299,1.96988326961868,20.84163782219413,0.0,0.0,0.1038483003551496,82.94596,1.4291650680876824,3_b,28,3274960.0
,1.0137304,0.27246022,0.10355346,0.5628249,0.0,1.0028479,0.9665958,,,1.0,41.24676,0.38945806,,9.118262792811969,1.981148733242181,21.382024756803343,0.0,0.0,0.1064825913242009,82.491905,1.1567048413810124,3_b,29,3358035.0
,0.9244452,0.1359142,0.036607176,0.559738,0.0,0.9145453,0.99978596,,,1.0,36.092052,0.33311012,,9.25417699305657,1.971914623681442,22.04793847880659,0.0,0.0,0.1088975456621004,82.15318,1.0207906411364114,3_b,30,3434193.0
0.9906496,0.8806212,0.4923921,0.11333398,0.53718907,0.0,0.77389026,0.94649446,,,1.0,43.954388,0.73918885,,9.746569080878835,1.949179917506412,23.898860405172837,0.0,0.0,0.1174140981735159,80.81424,0.528398553314144,3_b,31,3702771.0
,1.0043995,0.08702507,0.087020606,0.53718907,0.033333335,0.6297464,0.9998131,,,1.0,36.834496,0.09913283,,9.833594150943297,1.927223365924023,24.113897090609846,0.0,0.0,0.1198839104515474,80.51019,0.4413734832496843,3_b,32,3780659.0
,0.97175175,0.4413735,0.15609917,0.5842084,0.0,1.0014411,0.9935893,,,1.0,41.942574,0.54816824,,10.27496763419298,1.8842583054197772,25.19007401170992,0.0,0.0,0.1280825722983257,79.4019,0.0,3_b,33,4039212.0
1.0593494,1.0169114,0.42942333,0.06393052,0.5394833,0.0,0.77338475,0.97607976,,,1.0,41.93155,0.77232945,,10.704390978040577,1.8602256521041955,26.33999107802055,0.0,0.0,0.1364997463216641,77.75125,0.0,3_b,34,4304656.0
1.0966015,1.0184616,0.5698338,0.25732425,0.49993056,0.0,1.0007392,0.6441869,,,1.0,40.888355,0.5471107,,11.274224807835374,1.8494374312634412,26.94404503616404,0.0,0.0,0.142286941907661,77.06633,0.0,3_b,35,4487161.0
,1.0209728,0.6407459,0.13297424,0.5630997,0.0,1.0013986,0.9876875,,,1.0,43.21734,1.0642357,,11.914970684126132,1.806051082898929,30.315055842783003,0.0,0.0,0.1582099822425164,74.244995,0.0,3_b,36,4989310.0
,0.92767966,0.23495461,0.15764436,0.55368686,0.0,0.70194376,0.99485713,,,1.0,41.232582,0.28145614,,12.149925290172398,1.779537328616215,30.79085127173553,0.0,0.0,0.1637062404870624,73.604454,0.0,3_b,37,5162640.0
,,0.36152607,0.36152607,0.7184344,0.0,,0.34821957,,,0.0,40.618237,3.472162e-05,,0.3615260857290668,2.974521875792176,0.0422328493921956,0.0,0.0,0.0008185248604769,100.0,,4_b,0,25813.0
1.2126058,1.0533317,0.37813228,0.12680319,0.70427716,0.0,1.0008161,0.6645371,1.0,0.0,0.033333335,38.5266,0.36537427,,0.7396583793398674,0.8514307671057434,0.4716101203347671,0.0,0.0,0.0080940512430238,99.423744,,4_b,1,255254.0
1.1640946,1.277337,0.4014785,0.40147117,0.717909,0.0,0.9999655,0.32554758,1.0,0.0,0.06666667,39.160225,0.099153794,,1.1411368811958087,0.9482159572913088,0.6270916164963297,0.0,0.0,0.0110002853881278,99.2653,,4_b,2,346905.0
1.0734954,1.2379043,0.44009382,0.44008845,0.73632973,0.0,1.0005805,0.29194596,1.0,0.0,0.1,37.893936,0.07854586,,1.581230704750042,0.5954936555779018,0.7670385832838156,0.0,0.0,0.0227824391171993,98.705826,,4_b,3,718467.0
,0.91317004,0.13504572,0.13504572,0.6737637,0.0,1.0002512,0.90388125,1.0,0.0,0.13333334,37.0935,0.094741836,,1.7162764266009944,0.6253404600443456,0.96006996627714,0.0,0.0,0.0246040398274987,98.40639,,4_b,4,775913.0
1.124507,1.1125317,0.45585412,0.4558541,0.72874403,0.0,1.0001842,0.29527667,1.0,0.0,0.16666667,40.402992,0.099122345,,2.172130545580933,0.7113651112867209,1.1118137010508384,0.0,0.0,0.0272965816844241,98.260704,,4_b,5,860825.0
0.98283225,0.9887649,0.27931857,0.3467639,0.62343466,0.0,0.9996597,0.5817757,1.0,0.0,0.2,42.855385,0.09223306,,2.4514491125029068,0.8747041697906226,2.0428831610544638,0.0,0.0,0.0298593987823439,97.83725,,4_b,6,941646.0
1.0568388,0.9531086,0.51367086,0.40382037,0.4695504,0.0,0.88224053,0.77211684,1.0,0.0,0.23333333,42.349796,0.5673897,,2.9651199995003323,1.08429993913001,3.545784768901044,0.0,0.0,0.0352805365296803,97.137344,,4_b,7,1112607.0
,0.8894318,0.14220603,0.14220603,0.658465,0.0,1.0002828,0.80636024,1.0,0.0,0.26666668,35.816425,0.052476045,,3.1073260267963323,1.1031355908528404,3.6448708508628433,0.0,0.0,0.0359399416539827,96.92449,,4_b,8,1133402.0
0.8977001,1.1159025,0.38419756,0.29205158,0.7074224,0.0,0.82100534,0.55176145,1.0,0.0,0.3,37.44142,0.30207452,,3.491523591988205,1.054652111490233,4.049969266268518,0.0,0.0,0.0416289954337899,96.594406,,4_b,9,1312812.0
1.1059157,1.0475557,0.2874626,0.2874626,0.75548303,0.0,0.9993239,0.51277083,1.0,0.0,0.33333334,40.412746,0.099122345,,3.7789861799698223,1.0432408694627977,4.334182610035671,0.0,0.0,0.0458585426179604,96.31369,,4_b,10,1446195.0
1.0686995,0.9844217,0.41653794,0.2967919,0.69456375,0.0,0.9997533,0.58111316,1.0,0.0,0.36666667,41.499043,0.36741224,,4.195524124690369,1.03917557214735,5.26226045263224,0.0,0.0,0.0520517820903094,95.75639,,4_b,11,1641505.0
0.9700476,1.0727895,0.9645411,0.39533752,0.6473352,0.0,1.0003753,0.4353832,1.0,0.0,0.4,39.990223,0.55759656,,5.1600652205319335,1.1134014581557805,6.18960955014585,0.0,0.0,0.0582591007102993,94.98745,,4_b,12,1837259.0
1.0504853,1.2158662,1.5713774,0.09524912,0.6356001,0.0,0.9994053,0.4004327,1.0,0.0,0.43333334,41.7502,0.9518009,,6.731442619136089,1.226013996619114,6.951861906046756,0.0,0.0,0.0657000887874175,93.82091,,4_b,13,2071918.0
0.94563663,1.1186453,0.31543586,0.35965785,0.5965141,0.0,0.99999106,0.5616488,1.0,0.0,0.46666667,41.910725,0.099122345,,7.0468784748132185,1.2800106494364394,7.938808486733405,0.0,0.0,0.0680373858447488,93.58265,,4_b,14,2145627.0
1.1902068,1.3233262,0.7781068,0.28238228,0.677764,0.0,1.00048,0.3927635,1.0,0.0,0.5,41.43256,0.37239334,,7.824985264185031,1.2510741297659782,8.16038241513528,0.0,0.0,0.0758941844241501,92.78808,,4_b,15,2393399.0
1.2017596,1.0440476,0.25577435,0.25577435,0.5244397,0.0,0.9996813,0.6071291,1.0,0.0,0.53333336,39.196423,0.040988646,,8.0807596028573,1.232943155983362,8.840600117287195,0.0,0.0,0.0806143455098934,92.45156,,4_b,16,2542254.0
,0.8941785,0.10181443,0.10181443,0.722083,0.0,0.9581349,0.99410367,1.0,0.0,0.56666666,35.925205,0.08576349,,8.182574025893116,1.2151428117127852,9.028296705879452,0.0,0.0,0.0829787544393708,92.26865,,4_b,17,2616818.0
1.1652997,1.3330477,1.2214533,0.3426406,0.63236284,0.0,0.99930775,0.39257377,1.0,0.0,0.6,43.139465,0.8124722,,9.404027334392614,1.3285802452694748,10.435857416660236,0.0,0.0,0.0872223807711821,91.49871,,4_b,18,2750645.0
0.9292685,1.1182501,0.42832577,0.42831275,0.5983895,0.0,0.9999632,0.44231287,1.0,0.0,0.6333333,40.962395,0.096498445,,9.832353108445629,1.3181774742001164,11.113447500448014,0.0,0.0,0.0932232369355657,90.903275,,4_b,19,2939888.0
0.93155783,1.03725,0.3210496,0.3210496,0.6997876,0.0,0.99951315,0.38097945,1.0,0.0,0.6666667,37.425484,0.048503526,,10.15340269463791,1.3294176394333022,11.206278544571871,0.0,0.0,0.0941129819888381,90.789345,,4_b,20,2967947.0
1.0545288,1.2296188,1.0675846,0.41447812,0.7141058,0.0,1.000093,0.35196534,1.0,0.0,0.7,38.135372,0.56762594,,11.220987388032446,1.2673502475800011,11.641814900231898,0.0,0.0,0.1049388318112633,90.01373,,4_b,21,3309351.0
,0.9233283,0.1133341,0.1133341,0.72511005,0.0,0.958334,0.99976856,1.0,0.0,0.73333335,36.554443,0.099122345,,11.3343214867311,1.1750731649622754,11.82301745068682,0.0,0.0,0.1146836948249619,89.42724,,4_b,22,3616665.0
1.3054943,1.4593822,0.883748,0.5029795,0.69931513,0.0,0.9998455,0.31989628,2.2036102,0.0,0.0,40.659615,0.49958208,,12.218069472768464,1.2192483100313778,12.765645543871836,0.0723312294145205,0.0,0.1178557838660578,89.02751,,4_b,23,3716700.0
0.93568915,1.120301,0.8761432,0.29820025,0.72739226,0.0,1.0002307,0.2938919,2.2036102,0.0,0.033333335,40.771484,0.36963,,13.094212684899652,1.2336437377627143,12.842594309613178,0.067491494701053,0.0,0.1214672437848807,88.43701,,4_b,24,3830591.0
,0.99158084,0.11689926,0.11689926,0.71684974,0.0,0.98394835,0.9995567,2.2036102,0.0,0.06666667,37.5218,0.098535195,,13.21111194092891,1.2369794974013812,13.037043971700236,0.0668942924705266,0.0,0.1227138508371385,88.275345,,4_b,25,3869904.0
,0.91212195,0.13057998,0.13057998,0.7042159,0.0,0.9996619,0.9380139,2.2036102,0.0,0.1,33.553513,0.095236525,,13.34169191722555,1.2409788462229236,13.189348148698231,0.0662395737752235,0.0,0.1234559550989345,88.19279,,4_b,26,3893307.0
1.1043553,1.1770304,0.969399,0.50217044,0.7340938,0.0,0.9994105,0.27256542,1.2639558,0.0,0.0,39.019955,0.38956782,,14.31109089652844,1.247606974203409,13.34054515958966,0.1294902658881014,0.0,0.1284192985794013,87.83473,,4_b,27,4049831.0
,1.495192,0.109111294,0.109111294,0.74244153,0.0,0.97141623,0.9980325,1.2639558,0.0,0.033333335,36.00289,0.04486935,,14.420202188714686,1.244765589783698,13.431056300463071,0.1285104703171594,0.0,0.1297634766615931,87.5536,,4_b,28,4092221.0
,1.7736123,0.061585445,0.061585445,0.74244153,0.033333335,0.5880082,0.99968773,1.2639558,0.0,0.06666667,33.005707,0.097349346,,14.481787634580977,1.2053526968402928,13.61415703073147,0.1279639649538249,0.0,0.134888508371385,87.31807,,4_b,29,4253844.0
,0.94237405,0.19737078,0.094260834,0.6626597,0.0,0.9507739,0.99381083,1.2639558,0.0,0.1,35.517952,0.32763702,,14.679158420502002,1.1576104825916471,14.097934364594073,0.1262434066214595,0.0,0.143193366311517,86.9077,,4_b,30,4515746.0
0.9504111,1.1482006,0.25720534,0.25720498,0.68763304,0.0,1.0003531,0.5146077,1.2639558,0.0,0.13333334,38.972324,0.099122345,,14.936363758908406,1.1677536861070268,14.289147143499417,0.1240694854016925,0.0,0.1444009386098427,86.84073,,4_b,31,4553828.0
,1.525421,0.086496085,0.086496085,0.68763304,0.033333335,0.93936193,0.9997209,1.2639558,0.0,0.16666667,32.86984,0.0879494,,15.022859840167683,1.1647317836267128,14.445943980685858,0.1233551391050967,0.0,0.1457258688483003,86.674965,,4_b,32,4595611.0
,0.9939514,0.18861426,0.22356868,0.6765121,0.0,0.99994475,0.65553164,1.2639558,0.0,0.2,40.207623,0.06945264,,15.211474104778192,1.1823169461865746,15.30173576850502,0.1218256003708509,0.0,0.1470783231861999,86.53613,,4_b,33,4638262.0
,1.0838555,0.21559207,0.21559207,0.68298614,0.0,0.9998427,0.57414794,1.2639558,0.0,0.23333333,36.542225,0.08552976,,15.427066169264156,1.167720834199697,15.45861947414696,0.1201230969652765,0.0,0.1506060692541856,86.30453,,4_b,34,4749513.0
1.0149572,1.0563661,0.46285748,0.18283573,0.507212,0.0,0.999714,0.6477955,1.2639558,0.0,0.26666668,39.596897,0.53435224,,15.88992365382991,1.1751436581201435,16.36696080858806,0.1166240320414375,0.0,0.1558913305428716,85.773094,,4_b,35,4916189.0
0.9606165,1.1396272,0.7281392,0.3097943,0.62931836,0.0,0.999319,0.3993804,1.2639558,0.0,0.3,39.91123,0.5365137,,16.618062900321807,1.2024766264758364,17.28064258434331,0.1115140179969092,0.0,0.1589770104008117,85.31322,,4_b,36,5013499.0
1.0723224,1.0617774,0.32041582,0.32041582,0.72487164,0.0,0.99989176,0.42040133,1.2639558,0.0,0.33333334,37.396442,0.097601324,,16.938478721058406,1.2095558385155545,17.452001268633673,0.1094045690795342,0.0,0.1604955923389142,85.16651,,4_b,37,5061389.0
,1.0372831,0.24260029,0.24260029,0.67927885,0.0,1.0002027,0.5331336,1.2639558,0.0,0.36666667,40.031147,0.08085434,,17.181079018815336,1.2039860677251344,17.645824004075394,0.1078597545189587,0.0,0.1634905504819888,84.9124,,4_b,38,5155838.0
,1.0005745,0.21173526,0.21173526,0.68811196,0.0,1.0000249,0.61388236,1.2639558,0.0,0.4,38.3284,0.0880342,,17.392814275584325,1.194832853470312,17.81017064966267,0.1065467000324188,0.0,0.1666730086250634,84.67353,,4_b,39,5256200.0
1.0954615,1.2587997,0.88048697,0.108009525,0.71316963,0.0,1.0001799,0.42374194,1.2639558,0.0,0.43333334,37.840527,0.5504269,,18.273301213116387,1.2053675622203792,17.935751448883355,0.1014128177348757,0.0,0.1703916159309995,84.16463,,4_b,40,5373470.0
,0.9814782,0.12433859,0.12433859,0.7009094,0.0,0.9995365,0.9669911,1.2639558,0.0,0.46666667,35.079727,0.07263284,,18.39763980426196,1.2093255118986477,18.059726880383348,0.1007274294451052,0.0,0.1710583460172501,84.10604,,4_b,41,5394496.0
1.0597593,1.11537,0.3442323,0.3442323,0.7173922,0.0,1.0002298,0.38343492,1.2639558,0.0,0.5,38.89071,0.09453126,,18.74187209723839,1.2173987756162388,18.24056905901705,0.0988773669847697,0.0,0.1723659944190766,84.01836,,4_b,42,5435734.0
1.0311738,1.1630503,0.36571583,0.36571515,0.71924555,0.0,1.0001401,0.33405957,1.2639558,0.0,0.53333336,35.666084,0.042542737,,19.107587940425454,1.2227160997541042,18.31280546525697,0.0969848717231126,0.0,0.1733134512937595,83.8588,,4_b,43,5465613.0
1.0476859,1.2169054,0.43088013,0.43087772,0.76235855,0.0,0.99954194,0.30291584,1.2639558,0.0,0.56666666,35.64055,0.099122345,,19.5384680645696,1.2216737180047983,18.46266111825824,0.0948460728454289,0.0,0.1757424847792998,83.666,,4_b,44,5542215.0
0.9480286,1.1408641,0.25618863,0.25618783,0.6897952,0.0,1.0000815,0.51289356,1.2639558,0.0,0.6,40.390255,0.04116638,,19.794656707464043,1.225779983272234,18.554372928166156,0.0936185452835604,0.0,0.1772558980213089,83.45533,,4_b,45,5589942.0
1.0847257,1.0219817,0.33370495,0.37734866,0.5359785,0.0,1.0006131,0.5301028,1.2639558,0.0,0.6333333,37.80292,0.0914623,,20.12836166606262,1.237175896280216,19.32907665786544,0.0920664580696972,0.0,0.179431538559107,83.17152,,4_b,46,5658553.0
0.9841044,1.1280001,1.0630705,0.4582604,0.7028345,0.0,1.0005391,0.36154166,1.2639558,0.0,0.6666667,39.97778,0.5569734,,21.19143224240376,1.264662645296161,19.87711403338518,0.0874479338698086,0.0,0.1826360984271943,82.67253,,4_b,47,5759612.0
,0.98921865,0.16696534,0.18078463,0.67769825,0.0,1.0001998,0.7547002,1.2639558,0.0,0.7,42.418118,0.004780223,,21.358397575273536,1.1931064582322484,20.482739740705505,0.0867643257790851,0.0,0.1966201484018264,81.8454,,4_b,48,6200613.0
1.0836385,1.0916463,0.28630546,0.28630546,0.6828069,0.0,0.9991327,0.4184778,1.2639558,0.0,0.73333335,37.685085,0.0087234145,,21.64470303391896,1.197866728362713,20.51723917815617,0.0856166500615059,0.0,0.1973368848300355,81.74885,,4_b,49,6223216.0
,0.97483414,0.08040089,0.08040089,0.6828069,0.033333335,0.6761281,0.99974406,1.2639558,0.0,0.76666665,33.45169,0.09913283,,21.7251039265528,1.195074326328707,20.664379145812724,0.0852997974879792,0.0,0.1990265410958904,81.59151,,4_b,50,6276501.0
,1.0748664,0.22846688,0.24138026,0.42796707,0.0,1.0004264,0.70581007,1.2639558,0.0,0.8,36.694595,0.090204574,,21.953570812498118,1.204518481793606,21.29041352221776,0.08441209774791,0.0,0.2009866501775748,81.3752,,4_b,51,6338315.0
,0.94127786,0.12905036,0.12905036,0.6459421,0.0,0.99997604,0.8369904,1.2639558,0.0,0.8333333,33.128063,0.099122345,,22.08262117878756,1.1962834163314613,21.460615240583547,0.0839187952524575,0.0,0.2034825596144089,81.20575,,4_b,52,6417026.0
0.9549426,1.2458963,0.4389446,0.43894017,0.6372964,0.0,0.99992883,0.40604347,1.2639558,0.0,0.8666667,38.0376,0.099122345,,22.52156579478733,1.2073486803755384,22.0062191465524,0.0822832205462895,0.0,0.205837740994419,80.91508,,4_b,53,6491299.0
,3.408665,0.061832223,0.061832223,0.6372964,0.033333335,0.5444598,0.9996946,1.2639558,0.0,0.9,30.235209,0.09494185,,22.583398018306923,1.1929115603902911,22.12972338241547,0.0820579331701114,0.0,0.2091076547437848,80.72235,,4_b,54,6594419.0
0.94093055,1.6641937,0.8817403,0.08815128,0.62543994,0.0,0.99995005,0.49288934,1.2639558,0.0,0.93333334,38.815876,0.7041741,,23.465138272300237,1.201578745688687,22.72418765248306,0.0789744745518005,0.0,0.2147874175545408,80.086716,,4_b,55,6773536.0
,,0.44405922,0.29968625,0.5358773,0.0,,0.44766203,,,1.0,35.06454,0.16857003,,0.4440592236765519,2.2307813762271915,0.7417022433431526,0.0,0.0,0.0020044393708777,99.752174,17.451349672830986,5_b,0,63212.0
1.1091858,1.094956,0.3452101,0.34519893,0.5613942,0.0,1.0007403,0.2850252,,,1.0,29.847965,0.09850373,,0.7892693287210779,1.042534547748932,1.2128857817285617,0.0,0.0,0.0067409627092846,99.17428,17.106139567786457,5_b,1,212583.0
1.3645899,1.0954859,1.5489917,0.1280374,0.38437027,0.0,1.0000391,0.60038733,,,1.0,34.09845,1.4613218,,2.338260976650565,1.5997837015256142,3.548640450037149,0.0,0.0,0.0167452752409944,96.95017,15.557147919856972,5_b,2,528079.0
1.2998165,1.0404961,0.3180083,0.318007,0.60153174,0.0,0.9999635,0.402146,,,1.0,34.129395,0.09914331,,2.6562692744661014,1.5804753861281196,3.622033333036773,0.0,0.0,0.0187160388127853,96.819435,15.239139622041437,5_b,3,590229.0
,0.85343254,0.1588212,0.1862116,0.45422518,0.0,1.0007102,0.58457196,,,1.0,27.984764,0.06661969,,2.815090471949629,1.5412301142091758,3.9854716557730874,0.0,0.0,0.0203038115169964,96.46056,15.080318424557907,5_b,4,640301.0
,0.84816545,0.11781138,0.11781138,0.34822932,0.0,0.99937207,0.92923486,,,1.0,28.363394,0.09913283,,2.9329018544762757,1.4765539722457812,4.118500248663904,0.0,0.0,0.0221955225773718,96.18543,14.96250704203126,5_b,5,699958.0
0.8762876,1.0646834,0.51379913,0.21590507,0.54471546,0.0,1.0002382,0.46737528,,,1.0,32.52318,0.40168482,,3.446700975018421,1.3658487090995242,4.488485144667955,0.0,0.0,0.0275007610350076,95.470215,14.448707921489117,5_b,6,867264.0
1.129709,0.8684499,0.35584474,0.3558411,0.5750055,0.0,1.0012462,0.31175956,,,1.0,29.411705,0.099122345,,3.8025457189817793,1.3708851827864563,4.567342982798189,0.0,0.0,0.0288840690005073,95.33505,14.092863177525755,5_b,7,910888.0
,0.9436677,0.2446111,0.24461001,0.53869486,0.0,0.99992526,0.3774669,,,1.0,27.21969,0.099122345,,4.047156820462586,1.3231703002168342,4.726039916658017,0.0,0.0,0.0308524226281075,95.02627,13.84825207604495,5_b,8,972962.0
,0.9697414,0.20190366,0.20190366,0.56885046,0.0,0.9998146,0.58703643,,,1.0,33.999146,0.0867297,,4.249060476577447,1.2311619490051275,4.817242090945726,0.0,0.0,0.0348008625063419,94.70015,13.646348419930089,5_b,9,1097480.0
,0.9750113,0.18900287,0.18900287,0.55063444,0.0,0.99992055,0.5353285,,,1.0,28.159521,0.08920996,,4.438063350537995,1.2299046689971382,4.933150576188923,0.0,0.0,0.0357624302384576,94.48898,13.457345545969542,5_b,10,1127804.0
,0.86418223,0.10013886,0.10013886,0.5523494,0.0,1.0006651,0.90186995,,,1.0,22.029324,0.051003322,,4.538202204980001,1.2240614395737917,4.970378480601283,0.0,0.0,0.036345605022831,94.38353,13.357206691527535,5_b,11,1146195.0
1.0930103,1.1406077,0.20331055,0.2951527,0.38281858,0.0,1.0003545,0.72304624,,,1.0,31.628956,0.09913283,,4.741512760268517,1.2345527961758127,5.279923549505623,0.0,0.0,0.0386161212582445,94.10895,13.15389613623902,5_b,12,1217798.0
1.40681,1.6015514,0.48998758,0.18955885,0.514313,0.0,1.0002736,0.497452,,,1.0,31.144003,0.55361235,,5.231500338554332,1.2622722007854297,5.856744951335573,0.0,0.0,0.0419830352612886,93.44979,12.663908557953205,5_b,13,1323977.0
,0.9948018,0.18094659,0.18094659,0.5530864,0.0,0.9994768,0.6204593,,,1.0,33.29282,0.099122345,,5.412446931233436,1.2015573546327578,5.973398810104578,0.0,0.0,0.0456455796549974,93.15365,12.4829619652741,5_b,14,1439479.0
1.2065037,1.1473514,1.2832968,0.11969987,0.4086437,0.0,0.9997577,0.5353112,,,1.0,31.78928,1.2213488,,6.6957438094928605,1.2041208693183685,7.349228831475966,0.0,0.0,0.0557701674277016,91.47514,11.199665087014676,5_b,15,1758768.0
1.2075114,0.9812833,0.2718302,0.2718302,0.5685031,0.0,1.0002551,0.43430328,,,1.0,33.821075,0.09913283,,6.967574022965371,1.215110863365234,7.459483553918324,0.0,0.0,0.0571052447995941,91.36894,10.927834873542166,5_b,16,1800871.0
,0.9074256,0.08072871,0.08072871,0.5685031,0.033333335,0.93077695,0.99974036,,,1.0,26.862215,0.004526776,,7.04830273123395,1.2150660560993258,7.475167878541359,0.0,0.0,0.057535102739726,91.1669,10.847106165273589,5_b,17,1814427.0
1.1566372,1.0400718,0.40144455,0.4014375,0.5835915,0.0,1.0003494,0.301214,,,1.0,32.747334,0.09913283,,7.449747293056506,1.1760356069349784,7.905769202528965,0.0,0.0,0.0627230466768138,90.700935,10.445661603451027,5_b,18,1978034.0
1.1604681,1.2275113,0.7619043,0.31902307,0.5289678,0.0,1.0003545,0.37161016,,,1.0,30.310982,0.6264891,,8.211651585068143,1.1912076312316788,8.359252050682795,0.0,0.0,0.066400367833587,90.08894,9.683757311439392,5_b,19,2094002.0
1.5394849,1.0791781,0.51942104,0.23971203,0.38587523,0.0,1.0003642,0.5619947,,,1.0,31.13281,0.5437969,,8.731072602735576,1.2052853719264314,8.594861371409445,0.0,0.0,0.0695243531202435,89.501945,9.16433629377196,5_b,20,2192520.0
,0.9940319,0.1848747,0.1848725,0.52969044,0.0,1.0002275,0.5238264,,,1.0,28.902622,0.099122345,,8.915947304695559,1.1722763920540968,8.713373886570851,0.0,0.0,0.0725796232876712,89.259,8.979461591811978,5_b,21,2288871.0
,0.940682,0.10562227,0.10562227,0.5543309,0.0,0.9999966,0.96484184,,,1.0,32.99882,0.09014112,,9.02156957443899,1.179411917842966,8.846828039966798,0.0,0.0,0.0733062848807711,89.11872,8.873839322068546,5_b,22,2311787.0
0.9608935,1.1443825,0.5132087,0.32857603,0.43783593,0.0,1.0006603,0.53079224,,,1.0,30.984083,0.45574594,,9.5347782708931,1.1634989751984863,9.62316759968908,0.0,0.0,0.0789835426179604,88.443596,8.360630625614435,5_b,23,2490825.0
1.0677748,1.222556,0.51322633,0.40146708,0.3692901,0.0,1.0000116,0.6046803,,,1.0,29.959026,0.47533518,,10.048004584889092,1.1704708749837465,10.491023582827236,0.0,0.0,0.0833251204972095,87.72327,7.847404311618444,5_b,24,2627741.0
,3.4248476,0.035132013,0.2134507,0.3692901,0.033333335,0.47153953,0.99989563,,,1.0,25.053793,0.040999755,,10.08313659743819,1.1463253714078716,10.754630994916146,0.0,0.0,0.085976439624556,87.4878,7.812272299069347,5_b,25,2711353.0
,1.018506,0.22251561,0.22251561,0.55962783,0.0,1.000608,0.51333135,,,1.0,33.1597,0.099122345,,10.305652212452038,1.1216478109372263,10.870953530090423,0.0,0.0,0.0896069571283612,87.19393,7.589756684055498,5_b,26,2825845.0
0.9207246,1.0918264,0.3557522,0.35574102,0.573172,0.0,1.0002239,0.27614254,,,1.0,24.688053,0.099122345,,10.661404413215443,1.1135365652576157,10.983126431747788,0.0,0.0,0.0914243721461187,86.9761,7.234004483292091,5_b,27,2883159.0
1.071081,1.0614392,0.33321473,0.33321384,0.5851701,0.0,0.99941176,0.33630008,,,1.0,30.500813,0.099122345,,10.99461912896392,1.1145212615866495,11.080288883354402,0.0,0.0,0.0930537480974124,86.76842,6.900789767543616,5_b,28,2934543.0
,0.801375,0.09553538,0.09553531,0.5851701,0.033333335,1.0003222,0.8184329,,,1.0,20.157122,0.08438157,,11.09015451106427,1.108071288025258,11.13032427182789,0.0,0.0,0.0940675101471334,86.5587,6.805254385443266,5_b,29,2966513.0
1.2368158,1.1568581,0.25616032,0.25615907,0.5929115,0.0,0.9998169,0.4743282,,,1.0,32.199566,0.099122345,,11.346314843645182,1.1135506550906,11.224382811719783,0.0,0.0,0.0954088343480466,86.47308,6.549094052862355,5_b,30,3008813.0
0.9733375,1.1620166,0.30619237,0.30618903,0.5543489,0.0,0.9999071,0.30351475,,,1.0,23.094862,0.07710035,,11.652507222569724,1.1109953842103335,11.285684079970691,0.0,0.0,0.0964971778285134,86.27776,6.242901673937814,5_b,31,3043135.0
1.1523961,1.0631465,0.23232372,0.30779973,0.375691,0.0,0.99982494,0.56940114,,,1.0,29.996557,0.09913283,,11.884830941805149,1.0959903306783223,11.880018509230592,0.0,0.0,0.1005790208016235,85.96041,6.01057795470239,5_b,32,3171860.0
,1.0560825,0.20652725,0.2065271,0.5323262,0.0,1.0001533,0.4529306,,,1.0,24.734594,0.09913283,,12.091358187813997,1.0943040457121656,11.980627206371722,0.0,0.0,0.1016038812785388,85.72457,5.804050708693541,5_b,33,3204180.0
,1.1686113,0.22397785,0.22397785,0.41608703,0.0,1.0005431,0.6218201,,,1.0,29.190454,0.099122345,,12.315336040024375,1.0914828570312258,12.030437022853892,0.0,0.0,0.1038942795535261,85.41239,5.580072856483161,5_b,34,3276410.0
,0.9216824,0.20695391,0.20695391,0.52330685,0.0,0.99976957,0.4217468,,,1.0,20.184252,0.09914331,,12.522289956535596,1.0881916138861742,12.08638337727802,0.0,0.0,0.1048568937087772,85.348526,5.373118939971942,5_b,35,3306767.0
0.9523013,1.139062,0.27491337,0.27491304,0.570158,0.0,1.0001023,0.37045583,,,1.0,25.480001,0.09917476,,12.797203315210002,1.0667600282402274,12.166595437388048,0.0,0.0,0.1081109842719431,85.17481,5.098205581297535,5_b,36,3409388.0
,1.1416019,0.20095049,0.20095049,0.56060106,0.0,1.000371,0.5678066,,,1.0,36.147156,0.014329708,,12.998153796379723,1.0746002313081693,12.20571441681657,0.0,0.0,0.1088125317097919,85.029884,4.897255100127811,5_b,37,3431512.0
,0.7934887,0.07344577,0.07344577,0.56060106,0.033333335,0.98226583,0.9980448,,,1.0,21.177174,0.099122345,,13.071599559890709,1.067235169910804,12.30319393966331,0.0,0.0,0.1100439180618975,84.83746,4.823809336616829,5_b,38,3470345.0
,1.1197935,0.20544893,0.22847442,0.466082,0.0,1.0006081,0.6497105,,,1.0,27.661318,0.099122345,,13.277048489070172,1.0642836780095466,12.541461571146892,0.0,0.0,0.1125255263825469,84.60225,4.618360407437363,5_b,39,3548605.0
1.0376713,1.1739888,0.29472908,0.30250168,0.38745886,0.0,1.000055,0.56793886,,,1.0,27.381557,0.09914331,,13.57177757933363,1.0357694877640466,12.736893093567042,0.0,0.0,0.1182282470826991,84.101616,4.323631317173906,5_b,40,3728446.0
1.1286645,1.3302124,0.29697528,0.29697406,0.5905258,0.0,1.0000439,0.40208575,,,1.0,29.541199,0.09913283,,13.868752857254774,1.012433010700375,12.792619191565803,0.0,0.0,0.1228601915271435,83.79133,4.026656039252762,5_b,41,3874519.0
,0.8753179,0.12033659,0.12033659,0.4807349,0.0,1.0003847,0.7037129,,,1.0,23.791782,0.020245068,,13.989089452457984,1.0122343160178038,12.815224463892656,0.0,0.0,0.1234098490613901,83.58214,3.906319444049553,5_b,42,3891853.0
,1.2480669,0.121260695,0.121260695,0.54181826,0.0,1.0000883,0.85033774,,,1.0,26.111887,0.099122345,,14.110350148487116,1.0078060131048554,12.876087625313518,0.0,0.0,0.1250830162354134,83.47713,3.785058748020422,5_b,43,3944618.0
,1.1380929,0.2318309,0.23182848,0.53005815,0.0,1.0006852,0.47471055,,,1.0,31.0879,0.099122345,,14.34218104499899,0.9984809590134924,13.197380421536693,0.0,0.0,0.1286885781329274,83.04989,3.553227851508547,5_b,44,4058323.0
,0.92518485,0.09147449,0.09147449,0.53005815,0.033333335,0.9762448,0.99581337,,,1.0,22.200857,0.099122345,,14.433655536806588,0.98485984964968,13.248458969003655,0.0,0.0,0.1312067478437341,82.893814,3.4617533597009498,5_b,45,4137736.0
1.136083,1.2128673,0.4600243,0.2823386,0.39609265,0.0,0.99929786,0.5824608,,,1.0,28.324488,0.54290956,,14.893679833125256,0.9745070695399192,13.745945749098944,0.0,0.0,0.136800735667174,82.43686,3.0017290633822817,5_b,46,4314148.0
,1.0815936,0.45612037,0.24650483,0.5371461,0.0,1.0006506,0.46324182,,,1.0,30.359278,0.29392126,,15.349800209956264,0.9769575569048,13.802799319407846,0.0,0.0,0.1394141933028919,82.09188,2.5456086865512724,5_b,47,4396566.0
1.0872531,0.8932421,0.32528278,0.32527965,0.5500474,0.0,1.0003433,0.3115245,,,1.0,25.881163,0.099122345,,15.675082996767834,0.9752627574170488,13.87300250736826,0.0,0.0,0.1411730086250634,81.91357,2.220325899739702,5_b,48,4452032.0
,0.9866183,0.3963789,0.18545623,0.5216132,0.0,0.99998665,0.52024674,,,1.0,32.20669,0.2931618,,16.0714619003111,0.9687958920010548,14.007958149248264,0.0,0.0,0.1449834157787924,81.419754,1.8239469961964367,5_b,49,4572197.0
1.1483092,1.0200704,0.26983255,0.2698322,0.53903294,0.0,0.9998015,0.3957445,,,1.0,28.008554,0.099122345,,16.34129443974394,0.9624297438400006,14.063246624334097,0.0,0.0,0.1476186263318112,81.22344,1.554114456763596,5_b,50,4655301.0
0.97029436,1.150283,0.31467757,0.3363668,0.39925817,0.0,0.99999195,0.45992008,,,1.0,26.888508,0.099122345,,16.655972006518166,0.967385414512748,14.585519950248752,0.0,0.0,0.1497836123795028,80.919395,1.2394368899893706,5_b,51,4723576.0
0.98993826,1.0798563,0.29665962,0.29665852,0.54297256,0.0,0.9994294,0.3094155,,,1.0,26.62052,0.04990286,,16.952631635743433,0.9635329657485576,14.890349215687646,0.0,0.0,0.1520881532217148,80.54375,0.9427772607641032,5_b,52,4796252.0
1.0216564,1.1855986,0.31016693,0.3101614,0.52152926,0.0,1.0002866,0.28247714,,,1.0,23.58125,0.09914331,,17.262798574500767,0.9563874778693402,15.00845878941388,0.0,0.0,0.1543491248097412,80.39576,0.6326103220067694,5_b,53,4867554.0
,0.9645877,0.21712545,0.21711777,0.5129147,0.0,0.99962896,0.39076805,,,1.0,20.77786,0.037862062,,17.479924020166695,0.9291310208329904,15.041454584525855,0.0,0.0,0.1595443302891933,80.11107,0.4154848763408409,5_b,54,5031390.0
1.1136535,1.0776031,0.26767024,0.26766956,0.53474194,0.0,0.9997538,0.39636347,,,1.0,29.956686,0.08184663,,17.747594254749863,0.933029940160901,15.103494252157232,0.0,0.0,0.1607150240994419,80.00216,0.1478146417576731,5_b,55,5068309.0
,1.0289623,0.14781465,0.1478144,0.4928172,0.0,1.0001181,0.6388608,,,1.0,28.246328,0.062746555,,17.895408896507536,0.9348514392936312,15.177659893946704,0.0,0.0,0.1614365487062405,79.81732,0.0,5_b,56,5091063.0
,,0.9514409,0.2921489,0.5433891,0.0,,0.4519175,,,1.0,46.77742,0.750646,,0.951440855788226,4.161196694037519,1.043632589162506,0.0,0.0,0.0042356988838153,99.095375,11.351874981747867,6_b,0,133577.0
1.0548048,0.8244082,0.42498943,0.2518331,0.5108117,0.0,0.9991111,0.5875814,,,1.0,45.063663,0.5687472,,1.3764303011873709,2.361530751252164,3.180701689370916,0.0,0.0,0.0127863711314053,97.89028,10.926885536348722,6_b,1,403231.0
0.9966661,1.0749456,0.6905374,0.32023174,0.61916167,0.0,1.0011154,0.42879736,,,1.0,48.620907,0.4334345,,2.066967690445288,2.6613010512906525,4.455956004418735,0.0,0.0,0.0178484271943176,96.81223,10.236348147090805,6_b,2,562868.0
1.1255896,1.0501921,0.8053184,0.1691857,0.6783378,0.0,0.9998039,0.39780897,,,1.0,43.871693,0.5774908,,2.8722861242804765,1.5580833025006346,4.944361392158236,0.0,0.0,0.0372605593607306,94.2084,9.431029713255615,6_b,3,1175049.0
0.95043594,0.9605618,0.59702307,0.29768443,0.6627157,0.0,1.0001639,0.3810709,,,1.0,45.75877,0.38205272,,3.4693091783736048,1.4931176183001935,5.333468994292321,0.0,0.0,0.0453410388127853,93.19546,8.834006659162489,6_b,4,1429875.0
0.86879075,0.9881136,0.2710286,0.27102172,0.6235138,0.0,0.99988216,0.35887653,,,1.0,40.138313,0.069593,,3.7403377765209456,1.4701833815391196,5.452577502287553,0.0,0.0,0.0481028982749873,92.832275,8.562978061015148,6_b,5,1516973.0
0.97751063,1.0004187,0.8827754,0.28731638,0.6213619,0.0,0.9994773,0.3831301,,,1.0,44.059383,0.7520001,,4.623113205756815,1.535082155766247,7.148315758153768,0.0,0.0,0.056060502283105,91.63565,7.680202631779278,6_b,6,1767924.0
1.0350144,1.0216894,2.5919106,0.39397708,0.62883645,0.0,1.0005506,0.33525574,,,1.0,44.073463,1.4586877,,7.215023906939319,1.4070669500182635,10.994786777518344,0.0,0.0,0.0894913115169964,86.67943,5.088291930596775,6_b,7,2822198.0
0.9323552,0.89338356,0.52842176,0.2253164,0.6533314,0.0,0.9994929,0.41684836,,,1.0,45.710308,0.50789076,,7.743445692035613,1.489821437860846,12.35683319686471,0.0,0.0,0.0921969178082191,86.07855,4.55987014550048,6_b,8,2907522.0
1.0255214,0.9162019,0.50443524,0.2415552,0.5580209,0.0,1.00024,0.45180142,,,1.0,46.342693,0.5021422,,8.247880936797301,1.572626653048848,14.017631359901754,0.0,0.0,0.0946919076610857,85.43815,4.055434900738792,6_b,9,2986204.0
1.031732,1.0039802,1.0275749,0.27254462,0.6626356,0.0,0.99985206,0.31616595,,,1.0,43.694557,0.6467578,-0.35758752,9.275455833083866,1.4983799764436996,14.476426806318957,0.0,0.0,0.1081037227295789,83.68531,3.0278600044522275,6_b,10,3409159.0
0.9752652,1.0754669,0.7248215,0.44441745,0.6793109,0.0,1.0012205,0.29875645,,,1.0,42.33578,0.3934722,,10.000277366942369,1.529370531540113,15.007332533874756,0.0,0.0,0.1116122526636225,83.079445,2.3030384705937266,6_b,11,3519804.0
,0.80861914,0.07321142,0.07321142,0.6793109,0.033333335,0.80228966,0.9997362,,,1.0,39.48486,0.05310184,,10.07348878726151,1.521635866779948,15.191303480543766,0.0,0.0,0.1133884132420091,82.73063,2.229827050274583,6_b,12,3575817.0
0.9419103,1.0666274,0.64688367,0.16386244,0.6895141,0.0,1.0003483,0.3653297,,,1.0,45.652832,0.42480618,,10.720372463232051,1.559684537474506,15.350851592101018,0.0,0.0,0.1165062468290208,82.12793,1.5829433743040422,6_b,13,3674141.0
,1.2030547,0.0983995,0.0983995,0.6895141,0.033333335,1.0011523,0.97068655,,,1.0,38.316875,0.099122345,,10.818771963039852,1.554970446922796,15.718465762984865,0.0,0.0,0.1188111681887366,81.87493,1.4845438744962411,6_b,14,3746829.0
0.8595097,0.970763,0.27637708,0.27637333,0.6314163,0.0,1.0009198,0.3270506,,,1.0,38.24252,0.004665028,,11.095149044908744,1.5595105209820956,15.75557428197473,0.0,0.0,0.1197136605783866,81.71785,1.2081667926273507,6_b,15,3775290.0
0.91867805,0.92913175,0.5825938,0.21776769,0.64223534,0.0,1.0001501,0.3813288,,,1.0,43.606323,0.57548136,,11.677742871665272,1.5851643968848996,17.561501364013758,0.0,0.0,0.1246977422628107,80.94179,0.6255729658708216,6_b,16,3932468.0
0.91442364,1.0307821,0.3966671,0.39666602,0.68924737,0.0,1.0001541,0.24563587,,,1.0,36.04549,0.09913283,,12.074409957922317,1.501079071395479,17.706874120374533,0.0,0.0,0.1335964611872146,80.352005,0.2289058796137766,6_b,17,4213098.0
,0.8420649,0.22890589,0.22890423,0.6318922,0.0,0.9997109,0.3888398,,,1.0,35.927708,0.08097176,,12.303315837536092,1.4278846612451317,17.876115140219387,0.0,0.0,0.1418136098427194,79.641136,0.0,6_b,18,4472234.0
0.98258966,1.1137781,0.37892035,0.3789075,0.71082115,0.0,0.99932986,0.3258516,,,1.0,44.967,0.09913283,,12.682236172749196,1.4244436641048048,18.0949350037938,0.0,0.0,0.146292966768138,79.156975,0.0,6_b,19,4613495.0
0.9444023,0.9321597,0.9541869,0.29141733,0.53378695,0.0,1.0005243,0.509256,,,1.0,44.71532,0.81983083,,13.636423078901348,1.4185268548574088,20.271942471809197,0.0,0.0,0.1607592592592592,76.77727,0.0,6_b,20,5069704.0
0.9389859,1.0006114,0.37486124,0.37484708,0.66569614,0.0,0.999579,0.3156662,,,1.0,43.694153,0.09917476,,14.011284316289723,1.4373563834647671,20.47033234742913,0.0,0.0,0.1626216387620497,76.630325,0.0,6_b,21,5128436.0
0.90240926,1.0117873,0.3613189,0.3613089,0.6590339,0.0,0.9996398,0.2549348,,,1.0,35.773205,0.056290627,,14.372603202907127,1.3950343164112768,20.581607229093635,0.0,0.0,0.1692687087772704,75.998634,0.0,6_b,22,5338058.0
0.91901433,1.0397235,0.28268853,0.28268033,0.6703724,0.0,0.9992575,0.3919763,,,1.0,41.790737,0.08809779,,14.65529173509304,1.3803542430728175,20.75549865790686,0.0,0.0,0.173777238711314,75.45439,0.0,6_b,23,5480239.0
0.854124,0.97400826,0.83694893,0.26486424,0.69082403,0.0,0.9995875,0.3610396,,,1.0,43.178307,0.54965895,,15.492240675716324,1.39111760266681,21.15804914886144,0.0,0.0,0.1799678145611364,74.45017,0.0,6_b,24,5675465.0
1.0033966,1.0266497,1.20722,0.3091327,0.60477924,0.0,0.9996391,0.3743695,,,1.0,40.731335,1.0033345,,16.699460643740125,1.4267701158127912,23.820547485584655,0.0,0.0,0.1880551116184677,73.222115,0.0,6_b,25,5930506.0
,0.89529604,0.1907732,0.1907732,0.6677485,0.0,0.999763,0.617367,,,1.0,39.677494,0.09913283,,16.89023385088494,1.4331725186264856,24.122569492956767,0.0,0.0,0.1898674530695078,73.02081,0.0,6_b,26,5987660.0
0.95112705,1.0574241,0.34134492,0.34134144,0.681539,0.0,0.99942154,0.27331698,,,1.0,35.486004,0.02542631,,17.23157878845224,1.4349869987519646,24.187898750673643,0.0,0.0,0.191021499238965,72.80581,0.0,6_b,27,6024054.0
0.9346833,0.9593605,0.58545715,0.26533917,0.60701334,0.0,0.9993431,0.43130806,,,1.0,40.752434,0.36263976,,17.817035930080383,1.4589130003784905,24.772230824287732,0.0,0.0,0.1937276445966514,72.24168,0.0,6_b,28,6109395.0
0.9042496,1.0313817,0.67339796,0.21732068,0.67196524,0.0,0.9994165,0.28196955,,,1.0,37.273575,0.44061178,,18.490433897589536,1.4638495912483305,24.958124710457906,0.0,0.0,0.1968893011161847,71.8063,0.0,6_b,29,6209101.0
,0.83205503,0.34288198,0.17519212,0.6136173,0.0,0.99967325,0.539849,,,1.0,39.329357,0.32772043,,18.83331587614904,1.4480572228177848,25.44119811556582,0.0,0.0,0.2022954084221207,71.20644,0.0,6_b,30,6379588.0
1.0721848,1.1786549,1.0191283,0.39403254,0.62795544,0.0,0.99949056,0.36983758,,,1.0,41.828224,0.5709665,,19.85244423657502,1.4604712751444286,26.192812188453757,0.0,0.0,0.2097018645357686,70.22383,0.0,6_b,31,6613158.0
0.7934497,0.8948066,0.59733874,0.28966367,0.5827647,0.0,1.0003417,0.42558172,,,1.0,40.563725,0.35543805,,20.44978298268101,1.4816960175532667,26.81241963910428,0.0,0.0,0.2123674213597158,69.71322,0.0,6_b,32,6697219.0
,0.7949839,0.14463201,0.14463201,0.6613322,0.0,0.999945,0.6415955,,,1.0,29.16706,0.099122345,,20.59441499441184,1.466996087361707,26.913197750055453,0.0,0.0,0.2152864345509893,69.457855,0.0,6_b,33,6789273.0
,0.90890145,0.59673244,0.20945098,0.6421716,0.0,1.0002117,0.5023499,,,1.0,38.40463,0.572182,,21.19114745630868,1.4697372041545254,27.579234379259088,0.0,0.0,0.2201336250634195,68.93493,0.0,6_b,34,6942134.0
0.8405004,0.95375574,0.34564131,0.34563395,0.67591643,0.0,1.0003383,0.2686233,,,1.0,32.5996,0.097107805,,21.536788769131423,1.4707398814009054,27.71833831115316,0.0,0.0,0.2214379756468797,68.76745,0.0,6_b,35,6983268.0
0.92414427,1.055791,0.27077112,0.27076986,0.6844642,0.0,1.0010798,0.43559244,,,1.0,42.00587,0.099122345,,21.807559878845225,1.4625319164946744,27.95382934361136,0.0,0.0,0.2254416856925418,68.35739,0.0,6_b,36,7109529.0
,0.8518077,0.188915,0.18891323,0.6001011,0.0,1.0003831,0.46856332,,,1.0,36.276524,0.0093198605,,21.996474872910444,1.464845850078358,27.98823350545981,0.0,0.0,0.2260631976154236,68.13982,0.0,6_b,37,7129129.0
0.8920208,0.99251026,0.29812175,0.29811105,0.66261876,0.0,0.99969083,0.37532485,,,1.0,38.99602,0.099122345,,22.29459660895733,1.4667171251576532,28.10396393920271,0.0,0.0,0.2283083143074581,67.965546,0.0,6_b,38,7199931.0
0.83705705,0.87047905,0.42319632,0.4231819,0.6833283,0.0,0.99928796,0.21861288,,,1.0,32.351643,0.09561527,,22.717792927937225,1.4514679818522205,28.24032526980037,0.0,0.0,0.2323373287671233,67.62154,0.0,6_b,39,7326990.0
,0.8969952,0.21022764,0.21022566,0.49517462,0.0,0.9999795,0.59471005,,,1.0,38.42581,0.044282667,,22.92802056090529,1.4522968872286253,28.317530788821088,0.0,0.0,0.234204940385591,67.25039,0.0,6_b,40,7385887.0
0.94405,0.8487589,0.31279635,0.31278896,0.68420225,0.0,0.9997251,0.29015237,,,1.0,29.747862,0.099122345,,23.24081691160477,1.4388534931674868,28.41418760099895,0.0,0.0,0.2375773718924403,67.11668,0.0,6_b,41,7492240.0
,1.1650854,0.052354835,0.052354835,0.68420225,0.033333335,0.64219505,0.9996625,,,1.0,29.812397,0.099122345,,23.293171745573567,1.3994774653349993,28.54250027295636,0.0,0.0,0.2448823249619482,66.57472,0.0,6_b,42,7722609.0
1.0423746,0.9198929,0.48517433,0.3030896,0.663124,0.0,1.0004393,0.40056753,,,1.0,35.49305,0.35297716,,23.778346068707595,1.3988113013556764,28.907229709204312,0.0,0.0,0.2482282470826991,66.29359,0.0,6_b,43,7828126.0
1.3343416,0.9402495,0.47032842,0.47032076,0.67662424,0.0,1.000147,0.19261898,,,1.0,32.847507,0.09447861,,24.24867450049663,1.378736943351267,28.993681261740196,0.0,0.0,0.2537785388127854,65.934166,0.0,6_b,44,8003160.0
,1.0135878,0.08472708,0.08472708,0.67662424,0.033333335,0.99912703,0.90588886,,,1.0,33.889523,0.026813217,,24.33340157967613,1.3781326045083837,29.06243412450468,0.0,0.0,0.2545861237950279,65.71661,0.0,6_b,45,8028628.0
,0.7116823,0.22601949,0.226019,0.62321025,0.0,1.0000253,0.36065525,,,1.0,31.584326,0.09186359,,24.559421066041093,1.3722889104472524,29.247031946848125,0.0,0.0,0.2567526953323186,65.563194,0.0,6_b,46,8096953.0
0.92054325,0.920365,1.2519834,0.3380574,0.65755445,0.0,0.99912834,0.30114087,,,1.0,35.983337,0.73324114,,25.811404453253168,1.363912755861891,29.58809296735304,0.0,0.0,0.2651441527143582,64.75247,0.0,6_b,47,8361586.0
0.86829454,0.99368757,0.2759574,0.27595288,0.6481233,0.0,0.9993065,0.37321332,,,1.0,39.56956,0.09913283,,26.08736184716268,1.3606984624560512,30.36340316671844,0.0,0.0,0.2692300545408422,64.33043,0.0,6_b,48,8490439.0
,,0.068101585,0.068101585,,1.0,,0.99975413,,,1.0,33.852337,3.472162e-05,,0.0681015861556575,1.9937026842623464,0.0213687480069141,0.0,0.0,0.0003531202435312,100.0,18.95073767175579,7_b,0,11136.0
0.7335538,1.5158904,1.3437132,0.40370506,0.47834435,0.0,1.7732571,0.45564768,,,1.0,39.994072,1.0753856,,1.4118147772340035,2.2289726495420523,1.973297451063278,0.0,0.0043517687756991,0.0090298389142567,98.53579,17.607024480677442,7_b,1,284765.0
,0.86170256,0.10269527,0.10269527,0.5567714,0.0,1.2047398,0.9982378,,,1.0,32.986046,0.038608436,,1.5145100481190872,1.262942427962728,2.0285407624482508,0.0,0.0040106833638445,0.0168106925418569,97.92883,17.504329209792356,7_b,2,530142.0
,1.1189545,0.7268313,0.24764481,0.605568,0.0,1.062247,0.6946869,,,1.0,39.009346,0.68726766,,2.2413413397003064,1.4573504837238127,3.1233973847205467,0.0,0.0026884270182469,0.0217168949771689,97.28921,16.77749791821114,7_b,3,684864.0
0.8578919,1.582619,0.84568125,0.34268847,0.5312431,0.0,1.0303982,0.39826995,,,1.0,39.6566,0.574778,,3.0870225999909806,1.6365045739607909,4.325987756579612,0.0,0.002042447784721,0.0256185629122272,96.29232,15.931816657920464,7_b,4,807907.0
,0.9020756,0.17125914,0.17125914,0.6224696,0.0,1.0001155,0.7316945,,,1.0,31.244484,0.099122345,,3.258281741887576,1.5141583238548375,4.462476670057709,0.0,0.0019254079550978,0.0286141552511415,96.124504,15.76055751602387,7_b,5,902376.0
1.2750311,1.7760862,0.8035368,0.323771,0.5494564,0.0,1.0000895,0.42622858,,,1.0,39.427353,0.62174565,,4.061818504628701,1.6391869953592166,5.744755012871436,0.0,0.0015303935828082,0.0333664700659563,95.196625,14.957020753282745,7_b,6,1052245.0
0.8739968,1.3383851,1.4014362,0.17185481,0.46225145,0.0,0.99997735,0.5777578,,,1.0,39.52831,1.162713,,5.463254733026608,1.7075396152914937,8.063919409337513,0.0,0.0010952188324508,0.0450353564180618,93.14176,13.555584524884836,7_b,7,1420235.0
,1.0281875,0.22638537,0.22638537,0.5982018,0.0,0.99989825,0.65024734,,,1.0,37.80442,0.099122345,,5.689640099080721,1.724053136654954,8.60199347092654,0.0,0.001034062497506,0.0471008371385083,92.82355,13.329199158830724,7_b,8,1485372.0
1.1088045,1.3017908,0.4262329,0.42622894,0.5979388,0.0,1.0002036,0.29460227,,,1.0,36.357826,0.099122345,,6.115873015176912,1.6789449135239414,9.7785666507862,0.0,0.0009569206357244,0.0517079845256215,92.39931,12.902966242734532,7_b,9,1630663.0
,0.7427718,0.14022,0.14022,0.5794917,0.0,0.9997805,0.89825284,,,1.0,34.353584,0.007736202,,6.256093021563639,1.6771259546685635,9.808124568934206,0.0,0.0009397571137126,0.0524477105530187,92.172745,12.762746236347803,7_b,10,1653991.0
,0.7646583,0.25074512,0.066823676,0.42972988,0.0,0.999691,0.82052666,,,1.0,35.27718,0.45056683,,6.5068381392083445,1.6812929381909614,10.156363652532718,0.0,0.0008840655709582,0.0549573503297818,91.81925,12.5120011187031,7_b,11,1733135.0
,0.6874199,0.080647185,0.080647185,0.42972988,0.033333335,0.8333343,0.99972963,,,1.0,26.014526,0.099122345,,6.587485324960996,1.59088016582261,10.255659150744869,0.0,0.0008661175207839,0.0585660197869102,91.665985,12.431353932950447,7_b,12,1846938.0
,0.7266816,0.09040552,0.09040552,0.42972988,0.06666667,0.8318223,0.99975926,,,1.0,34.47859,0.029176673,,6.677890838138044,1.594962122692794,10.316381997045228,0.0,0.0008531692840244,0.0590699835109081,91.61438,12.3409484197734,7_b,13,1862831.0
0.90072805,1.0716422,0.57678115,0.18378264,0.6029301,0.0,0.99986315,0.4853285,,,1.0,38.773663,0.43962795,,7.25467196307506,1.5916429542119956,10.68432149199502,0.0,0.0008024837180742,0.0629274162861491,91.15655,11.764167294836383,7_b,14,1984479.0
,0.7934299,0.27628106,0.120743796,0.346522,0.0,0.99974906,0.9041524,,,1.0,37.224567,0.44926783,,7.530953014526344,1.6105533376706582,10.856230251201923,0.0,0.0007585013618737,0.065535039320142,90.75491,11.487886243385102,7_b,15,2066713.0
0.8899119,1.1841687,1.1794863,0.28454417,0.48762175,0.0,1.0004483,0.4376281,,,1.0,36.407707,0.98585564,,8.710439347195038,1.5694943839794957,12.46215075371282,0.0,0.0006645706192376,0.0753368531202435,89.45414,10.308399910716409,7_b,16,2375823.0
1.0603992,0.8269816,0.5702977,0.2350422,0.3056882,0.0,1.0000025,0.71220267,,,1.0,38.855553,0.58690536,,9.28073708764301,1.6300243666766798,12.847266311668722,0.0,0.0006110373419942,0.0791283929477422,88.619934,9.738102170268435,7_b,17,2495393.0
,0.80905414,0.24254382,0.24254382,0.5728036,0.0,1.0006694,0.5043492,,,1.0,34.860046,0.015367425,,9.523280904959949,1.6350496881745873,12.884508329415295,0.0,0.0006015438520162,0.0798712265347539,88.482475,9.495558352951498,7_b,18,2518819.0
,0.8241407,0.2130624,0.2130624,0.54305184,0.0,0.9999748,0.51094174,,,1.0,29.002365,0.099122345,,9.736343310754668,1.6316540357292004,12.975066290410256,0.0,0.0005902511593521,0.0808812468290208,88.34416,9.282495947156775,7_b,19,2550671.0
0.8484589,1.0648648,1.1861292,0.3990043,0.484177,0.0,1.0003759,0.4497702,,,1.0,36.719093,0.885674,,10.922472526095715,1.6686713210699515,13.851586572753456,0.0,0.0005365511415465,0.0862234906139015,87.34427,8.096366731815728,7_b,20,2719144.0
0.8908881,1.0951118,0.35685673,0.3568566,0.57472366,0.0,1.0000012,0.31508037,,,1.0,30.984167,0.072579026,,11.279329253591127,1.645480422844974,13.95500859866202,0.0,0.0005260380116111,0.0884840182648401,87.09346,7.739510004320317,7_b,21,2790432.0
0.90581703,1.1085927,0.5549866,0.39897856,0.401718,0.0,0.9996662,0.6439122,,,1.0,35.46249,0.49679008,,11.834315832223131,1.6499672044880878,14.334731545522658,0.0,0.0004974125771345,0.0926411085743277,86.35634,7.184523425688312,7_b,22,2921530.0
,1.2899958,0.08177064,0.08177064,0.401718,0.033333335,0.7424131,0.9997431,,,1.0,29.143444,0.085551016,,11.91608647649032,1.641862852330733,14.47860003197851,0.0,0.0004919578185494,0.0936475456621004,86.24154,7.102752781421124,7_b,23,2953269.0
,0.77234787,0.22925971,0.22925971,0.5930255,0.0,0.9999263,0.53529876,,,1.0,30.5481,0.09913283,,12.145346198210182,1.639862302794515,14.570225153015691,0.0,0.0004839868133603,0.0947793632673769,86.18403,6.873493059701263,7_b,24,2988962.0
1.0274339,1.1227168,0.7069824,0.31505832,0.4858453,0.0,1.000738,0.51100063,,,1.0,36.88144,0.56703526,,12.852328592771649,1.6600925243253184,15.59518739101718,0.0,0.0004568631984352,0.098865169964485,85.41017,6.166510665139796,7_b,25,3117812.0
1.0271478,1.180131,1.321406,0.094794326,0.49754232,0.0,1.000483,0.5034647,,,1.0,35.16795,1.0743742,,14.173734570437931,1.67903708496017,17.252661009544813,0.0,0.0004188016547051,0.1055130961440893,84.18179,4.845104687473514,7_b,26,3327461.0
1.0538129,1.2722377,0.36114568,0.36114368,0.5967146,0.0,1.000154,0.39143294,,,1.0,41.225574,0.035060987,,14.53488024027154,1.694287460957004,17.32513833655525,0.0,0.0004126653220541,0.1065342782851344,84.1202,4.483959017639904,7_b,27,3359665.0
,0.8549423,0.23006722,0.23006722,0.60478824,0.0,0.9997762,0.6143581,,,1.0,36.754753,0.08938991,,14.764947470659031,1.6707604891187369,17.45163583976842,0.0,0.0004071109307713,0.1095104959411466,83.748024,4.253891787252414,7_b,28,3453523.0
0.91586465,0.8299092,0.48959562,0.22879232,0.54814446,0.0,0.9998789,0.5558419,,,1.0,34.70898,0.4859493,,15.254543097398868,1.663402939722589,17.964773145332007,0.0,0.000393794972189,0.1132646499238965,83.17656,3.764296160512577,7_b,29,3571914.0
,0.9902789,0.1477171,0.1477171,0.55322856,0.0,1.0000898,0.81452435,,,1.0,28.763882,0.099122345,,15.402260206538042,1.6447418093152424,18.05358728725926,0.0,0.0003894958926863,0.115298801369863,83.016014,3.616579051373403,7_b,30,3636063.0
0.9612816,1.1757506,0.61299145,0.38541338,0.42339402,0.0,1.0002724,0.5766464,,,1.0,35.729645,0.52942246,,16.015251681492835,1.653004703831762,19.12766287630757,0.0,0.0003713747457802,0.1199299213597158,82.396706,3.00358757641861,7_b,31,3782110.0
,0.8761802,0.20894271,0.20894271,0.56429434,0.0,0.9998911,0.58086914,,,1.0,33.094387,0.07260055,,16.224194385686875,1.6538736489779562,19.251551043086707,0.0,0.0003674230639599,0.1208284500253678,82.14837,2.79464487222457,7_b,32,3810446.0
,0.87919074,0.44630167,0.21838549,0.42096943,0.0,0.99974924,0.6258004,,,1.0,33.800423,0.45587066,,16.670496055541744,1.6563466916868177,20.25962266201241,0.0,0.0003528360510526,0.1247782851344495,81.565384,2.3483432023697013,7_b,33,3935008.0
1.4656868,1.5437359,0.78315896,0.25129017,0.6118125,0.0,0.9993833,0.31626958,,,1.0,29.661644,0.5133987,,17.453654985072117,1.6270635093535,20.42349226477858,0.0,0.0003421199441593,0.1294186009639776,81.05384,1.5651842728393284,7_b,34,4081345.0
,0.8157456,0.19918744,0.19918744,0.59233886,0.0,1.0001892,0.63188285,,,1.0,30.757383,0.09914331,,17.65284243266698,1.6252861034111548,20.509613935673062,0.0,0.0003384150311494,0.1306008054287163,80.92812,1.3659968252444656,7_b,35,4118627.0
,0.8673535,0.20498264,0.20498264,0.58632773,0.0,1.0002148,0.6627682,,,1.0,38.30344,0.04152175,,17.857825065185967,1.6316892345777956,20.596533489435043,0.0,0.0003353973645236,0.1313654553526128,80.8002,1.161014192725478,7_b,36,4142741.0
,0.7873727,0.1610297,0.1610297,0.54718035,0.0,1.0003561,0.68358797,,,1.0,29.7464,0.0935304,,18.018854764952536,1.619813941293904,20.701551930718868,0.0,0.0003322485497552,0.1330950659563673,80.62714,0.9999844929589088,7_b,37,4197286.0
0.7912804,0.97313046,0.36476985,0.36476818,0.63338053,0.0,0.9997902,0.3344246,,,1.0,30.099075,0.099122345,,18.38362460032053,1.6106045028182374,20.85563321109053,0.0,0.0003276763699094,0.1349866184677828,80.48172,0.635214657590911,7_b,38,4256938.0
0.94084716,0.890489,0.27148917,0.27148917,0.608474,0.0,0.99943507,0.48026305,,,1.0,29.859894,0.099122345,,18.655113784366637,1.5971793318913876,20.924104062908107,0.0,0.0003238757102858,0.1372450532724505,80.26076,0.363725473544811,7_b,39,4328160.0
,0.7510999,0.18699062,0.18699062,0.54657686,0.0,1.0007637,0.5502892,,,1.0,23.64627,0.084913306,,18.84210440347522,1.593518919895658,20.98341458981958,0.0,0.000320900871704,0.138068271182141,80.10891,0.1767348544362263,7_b,40,4354121.0
,0.7833701,0.17673485,0.17673485,0.57250524,0.0,1.0001196,0.67283297,,,1.0,27.791666,0.099122345,,19.018839257911445,1.578976661773688,21.075389898147566,0.0,0.0003178336570073,0.14008967529173,79.97211,0.0,7_b,41,4417868.0
